category,image_url,number_of_product_in_a_package,price_gross,price_net,product_title,product_url,quantity_in_stock,size,status
SPORTOWE,https://e-roberto.eu/wp-content/uploads/2022/02/black-18.jpg,,"59,66","48,50",NB537 BLACK,https://e-roberto.eu/sklep/nb537-black/,960,,
SPORTOWE,https://e-roberto.eu/wp-content/uploads/2022/02/DSC_0475-600x600.jpg,,"34,44","28,00",F44 BLACK,https://e-roberto.eu/sklep/f44-black/,120,,
SPORTOWE,https://e-roberto.eu/wp-content/uploads/2022/02/beige2-1.jpg,,"59,66","48,50",NB537 BEIGE,https://e-roberto.eu/sklep/nb537-beige/,960,,
BOTKI,https://e-roberto.eu/wp-content/uploads/2021/10/BLACK-14.jpg,,"48,59","39,50",7897 BLACK,https://e-roberto.eu/sklep/7897-black/,936,,
SPORTOWE,https://e-roberto.eu/wp-content/uploads/2022/02/DSC_0477-600x600.jpg,,"34,44","28,00",F44 KHAKI,https://e-roberto.eu/sklep/f44-khaki/,1200,,
BOTKI,https://e-roberto.eu/wp-content/uploads/2021/10/pol_pl_Botki-damskie-Sixth-Sens-C685-SU-Czarne-2522_1.jpg,,"48,59","39,50",TX-1873 BLACK,https://e-roberto.eu/sklep/tx-1873-black/,948,,
SPORTOWE,https://e-roberto.eu/wp-content/uploads/2021/10/DSC_0487-600x600.jpg,,"20,29","16,50",WB806 ORANGE,https://e-roberto.eu/sklep/wb806-orange/,324,,
SPORTOWE,https://e-roberto.eu/wp-content/uploads/2022/01/UINE.jpg,,"51,66","42,00",UB07 WINE,https://e-roberto.eu/sklep/ub07-wine/,552,,
SPORTOWE,https://e-roberto.eu/wp-content/uploads/2022/02/IMG_0930.jpg,,"44,9","36,50",TCYR-76 KHAKI,https://e-roberto.eu/sklep/tcyr-76-khaki/,252,,
SPORTOWE,https://e-roberto.eu/wp-content/uploads/2022/02/IMG_1041-1-600x600.jpg,,"36,28","29,50",PG06 BLACK,https://e-roberto.eu/sklep/pg06-black/,1776,,
SPORTOWE,https://e-roberto.eu/wp-content/uploads/2021/10/1111111-600x601.jpg,,"38,74","31,50",85-751 BEIGE,https://e-roberto.eu/sklep/85-751-beige/,480,,
SPORTOWE,https://e-roberto.eu/wp-content/uploads/2022/02/IMG_0928-2-600x600.jpg,,"36,28","29,50",AB630 WH/RED/BLUE,https://e-roberto.eu/sklep/ab630-wh/red/blue/,600,,
SPORTOWE,https://e-roberto.eu/wp-content/uploads/2021/10/16-508-7.jpg,,"38,74","31,50",85-751 BLACK,https://e-roberto.eu/sklep/85-751-black/,480,,
SPORTOWE,https://e-roberto.eu/wp-content/uploads/2022/01/navy.jpg,,"51,66","42,00",UB07 NAVY,https://e-roberto.eu/sklep/ub07-navy/,564,,
SPORTOWE,https://e-roberto.eu/wp-content/uploads/2022/01/image_ded48e0f-557b-494a-b74d-6cc614e46c02_1349x1800.jpg,,"36,28","29,50",JT902 WHITE,https://e-roberto.eu/sklep/jt902-white/,600,,
SPORTOWE,https://e-roberto.eu/wp-content/uploads/2021/10/image_95c126b7-d487-49e4-9cd6-730fce1233a3_1000x.jpg,,"38,74","31,50",F071 BEIGE,https://e-roberto.eu/sklep/f071-beige/,360,,
SPORTOWE,https://e-roberto.eu/wp-content/uploads/2022/01/anh_Viber_2021-12-30_17-07-19-486.jpg,,"47,97","39,00",NB528 PINK,https://e-roberto.eu/sklep/nb528-pink/,600,,
SPORTOWE,https://e-roberto.eu/wp-content/uploads/2022/01/anh_Viber_2021-12-30_17-07-16-771.jpg,,"47,97","39,00",NB528 BEIGE,https://e-roberto.eu/sklep/nb528-beige/,600,,
SPORTOWE,https://e-roberto.eu/wp-content/uploads/2022/02/IMG_0913-1.jpg,,"44,9","36,50",TCYR-76 PINK,https://e-roberto.eu/sklep/tcyr-76-pink/,252,,
,,,,,,,0,,
,,,,,,,0,,
SPORTOWE,https://e-roberto.eu/wp-content/uploads/2022/04/anh_Viber_2022-04-08_10-54-59-624.jpg,,"94,71","77,00",JJ09 GREEN,https://e-roberto.eu/sklep/jj09-green/,588,,
SPORTOWE,https://e-roberto.eu/wp-content/uploads/2021/10/buty-wolka-101.jpg,,"32,6","26,50",2033 PINK,https://e-roberto.eu/sklep/2033-pink/,240,,
SPORTOWE,https://e-roberto.eu/wp-content/uploads/2022/01/anh_Viber_2021-12-30_17-07-17-722.jpg,,"47,97","39,00",NB528 WHITE,https://e-roberto.eu/sklep/nb528-white/,600,,
SPORTOWE,https://e-roberto.eu/wp-content/uploads/2021/10/buty-wolka-31.jpg,,"38,74","31,50",AD422 KHAKI,https://e-roberto.eu/sklep/ad422-khaki/,180,,
SPORTOWE,https://e-roberto.eu/wp-content/uploads/2022/04/anh_Viber_2022-04-07_16-46-04-505.jpg,,"94,71","77,00",JJ09 GREY,https://e-roberto.eu/sklep/jj09-grey/,564,,
SPORTOWE,https://e-roberto.eu/wp-content/uploads/2022/04/IMG_3454-600x600.jpg,,"94,71","77,00",JJ09 WHITE,https://e-roberto.eu/sklep/jj09-white/,588,,
BOTKI,https://e-roberto.eu/wp-content/uploads/2021/10/BLACKKKKKKKKK.jpg,,"75,03","61,00",NC1113 BLACK,https://e-roberto.eu/sklep/nc1113-black/,960,,
BOTKI,https://e-roberto.eu/wp-content/uploads/2021/11/528170-large.jpg,,"75,03","61,00",NC1167 BLACK,https://e-roberto.eu/sklep/nc1167-black/,360,,
SPORTOWE,https://e-roberto.eu/wp-content/uploads/2022/01/anh_Viber_2021-12-30_17-07-17-206.jpg,,"47,97","39,00",NB528 BLACK,https://e-roberto.eu/sklep/nb528-black/,600,,
SPORTOWE,https://e-roberto.eu/wp-content/uploads/2022/03/pol_pm_Buty-sportowe-skarpetkowe-UTTO-WHITE-30347_5.jpg,,"27,68","22,50",BZ-6 WHITE,https://e-roberto.eu/sklep/bz-6-white/,552,,
BOTKI,https://e-roberto.eu/wp-content/uploads/2021/10/BEIGE-15.jpg,,"105,78","86,00",RB132 BEIGE,https://e-roberto.eu/sklep/rb132-beige/,960,,
BOTKI,https://e-roberto.eu/wp-content/uploads/2021/10/PINK.jpg,,"105,78","86,00",RB132 PINK,https://e-roberto.eu/sklep/rb132-pink/,960,,
SPORTOWE,https://e-roberto.eu/wp-content/uploads/2022/04/anh_Viber_2022-04-07_16-46-06-914.jpg,,"94,71","77,00",JJ09 BEIGE,https://e-roberto.eu/sklep/jj09-beige/,588,,
BOTKI,https://e-roberto.eu/wp-content/uploads/2021/10/BLACK-39.jpg,,"80,57","65,50",RB85 BLACK,https://e-roberto.eu/sklep/rb85-black/,960,,
BOTKI,https://e-roberto.eu/wp-content/uploads/2021/10/BLACK-38.jpg,,"105,78","86,00",RB132 BLACK,https://e-roberto.eu/sklep/rb132-black/,960,,
BOTKI,https://e-roberto.eu/wp-content/uploads/2021/10/RED-2.jpg,,"105,78","86,00",RB132 RED,https://e-roberto.eu/sklep/rb132-red/,960,,
BOTKI,https://e-roberto.eu/wp-content/uploads/2021/10/CAMEL-12.jpg,,"80,57","65,50",RB85 CAMEL,https://e-roberto.eu/sklep/rb85-camel/,960,,
BOTKI,https://e-roberto.eu/wp-content/uploads/2021/10/BLUE.jpg,,"105,78","86,00",RB132 BLUE,https://e-roberto.eu/sklep/rb132-blue/,960,,
BOTKI,https://e-roberto.eu/wp-content/uploads/2021/10/CAMEL-11.jpg,,"70,11","57,00",YK07 CAMEL,https://e-roberto.eu/sklep/yk07-camel/,960,,
BOTKI,https://e-roberto.eu/wp-content/uploads/2021/10/buty-wolka-3-9-600x599.jpg,,"51,05","41,50",ST03 GREY,https://e-roberto.eu/sklep/st03-grey/,960,,
BOTKI,https://e-roberto.eu/wp-content/uploads/2021/10/BLACK-36.jpg,,"70,11","57,00",YK07 BLACK,https://e-roberto.eu/sklep/yk07-black/,960,,
BOTKI,https://e-roberto.eu/wp-content/uploads/2021/10/QT19BLUE.jpg,,"75,03","61,00",QT19 BLUE,https://e-roberto.eu/sklep/qt19-blue/,960,,
BOTKI,https://e-roberto.eu/wp-content/uploads/2021/10/GREY-3.jpg,,"70,11","57,00",YK07 GREY,https://e-roberto.eu/sklep/yk07-grey/,960,,
BOTKI,https://e-roberto.eu/wp-content/uploads/2021/10/buty-wolka-1-31-600x600.jpg,,"51,05","41,50",ST03 CAMEL,https://e-roberto.eu/sklep/st03-camel/,960,,
BOTKI,https://e-roberto.eu/wp-content/uploads/2021/10/buty-wolka-5-6.jpg,,"64,58","52,50",ST35 BROWN,https://e-roberto.eu/sklep/st35-brown/,960,,
BOTKI,https://e-roberto.eu/wp-content/uploads/2021/10/x-9701-2-2.jpg,,"83,64","68,00",QT09 BEIGE,https://e-roberto.eu/sklep/qt09-beige/,960,,
BOTKI,https://e-roberto.eu/wp-content/uploads/2021/10/buty-wolka-3-8.jpg,,"64,58","52,50",ST35 CAMEL,https://e-roberto.eu/sklep/st35-camel/,960,,
BOTKI,https://e-roberto.eu/wp-content/uploads/2021/10/QT19PINK.jpg,,"75,03","61,00",QT19 PINK,https://e-roberto.eu/sklep/qt19-pink/,960,,
BOTKI,https://e-roberto.eu/wp-content/uploads/2021/10/buty-wolka-7-5-600x600.jpg,,"51,05","41,50",ST03 BLACK,https://e-roberto.eu/sklep/st03-black/,960,,
BOTKI,https://e-roberto.eu/wp-content/uploads/2021/10/QT19GREEN.jpg,,"75,03","61,00",QT19 GREEN,https://e-roberto.eu/sklep/qt19-green/,960,,
BOTKI,https://e-roberto.eu/wp-content/uploads/2021/10/QT19CAMEL.jpg,,"75,03","61,00",QT19 CAMEL,https://e-roberto.eu/sklep/qt19-camel/,960,,
BOTKI,https://e-roberto.eu/wp-content/uploads/2021/10/8369CAM.jpg,,"41,21","33,50",8369 CAMEL,https://e-roberto.eu/sklep/8369-camel/,408,,
BOTKI,https://e-roberto.eu/wp-content/uploads/2021/10/buty-wolka-2-18.jpg,,"64,58","52,50",ST35 BLACK,https://e-roberto.eu/sklep/st35-black/,960,,
BOTKI,https://e-roberto.eu/wp-content/uploads/2022/02/pol_pm_Botki-wyciete-cut-out-z-lancuszkiem-CUPRO-BLACK-30451_3.jpg,,"76,88","62,50",ST72 BLACK,https://e-roberto.eu/sklep/st72-black/,936,,
SPORTOWE,https://e-roberto.eu/wp-content/uploads/2022/02/272954558_1296245220858268_5834467372328633049_n.jpg,,"57,2","46,50",LA192 BLACK,https://e-roberto.eu/sklep/la192-black/,948,,
SPORTOWE,https://e-roberto.eu/wp-content/uploads/2022/02/anh_Viber_2022-02-01_13-50-19-426.jpg,,"57,2","46,50",LA192 KOLOR DO WYBORU,https://e-roberto.eu/sklep/la192-kolor-do-wyboru/,948,,
BOTKI,https://e-roberto.eu/wp-content/uploads/2022/01/anh_Viber_2022-01-10_10-09-24-615.jpg,,"93,48","76,00",NS255 BEIGE,https://e-roberto.eu/sklep/ns255-beige/,348,,
BOTKI,https://e-roberto.eu/wp-content/uploads/2021/10/QT19-GREY.jpg,,"75,03","61,00",QT19 GREY,https://e-roberto.eu/sklep/qt19-grey/,960,,
BOTKI,https://e-roberto.eu/wp-content/uploads/2021/11/271949808_1505906559809453_5569390325953254808_n.jpg,,"86,1","70,00",NC1252 BEIGE,https://e-roberto.eu/sklep/nc1252-beige/,312,,
BOTKI,https://e-roberto.eu/wp-content/uploads/2021/10/CAMEL-4.jpg,,"36,28","29,50",A3710-32 CAMEL,https://e-roberto.eu/sklep/a3710-32-camel/,960,,
BOTKI,https://e-roberto.eu/wp-content/uploads/2022/01/272022105_1288837408265716_5835766581345453577_n.jpg,,"96,56","78,50",NC1263 BEIGE,https://e-roberto.eu/sklep/nc1263-beige/,600,,
BOTKI,https://e-roberto.eu/wp-content/uploads/2022/01/anh_Viber_2022-01-20_19-20-49-624.jpg,,"65,8","53,50",UK75 KHAKI,https://e-roberto.eu/sklep/uk75-khaki/,360,,
BOTKI,https://e-roberto.eu/wp-content/uploads/2022/01/anh_Viber_2022-01-10_10-09-25-122.jpg,,"93,48","76,00",NS255 BLACK,https://e-roberto.eu/sklep/ns255-black/,396,,
SPORTOWE,https://e-roberto.eu/wp-content/uploads/2021/10/249897359_1020818428709241_8885053390433295812_n.jpg,,"38,74","31,50",F071 KHAKI,https://e-roberto.eu/sklep/f071-khaki/,360,,
BOTKI,https://e-roberto.eu/wp-content/uploads/2022/01/269609010_1288837394932384_7871791439226081177_n.jpg,,"96,56","78,50",NC1263 KHAKI,https://e-roberto.eu/sklep/nc1263-khaki/,600,,
SPORTOWE,https://e-roberto.eu/wp-content/uploads/2021/10/DSC_0427-600x600.jpg,,"84,87","69,00",JJ07 BEIGE,https://e-roberto.eu/sklep/jj07-beige/,24,,
BOTKI,https://e-roberto.eu/wp-content/uploads/2022/01/anh_Viber_2022-01-20_19-20-49-865.jpg,,"65,8","53,50",UK75 BEIGE,https://e-roberto.eu/sklep/uk75-beige/,360,,
BOTKI,https://e-roberto.eu/wp-content/uploads/2021/07/271226627_1279207082562082_3420655245750177737_n.jpg,,"96,56","78,50",NC1263 BLACK,https://e-roberto.eu/sklep/nc1263-black/,600,,
SPORTOWE,https://e-roberto.eu/wp-content/uploads/2021/10/deportivas-calcetin-cadena-negras.jpg,,"38,74","31,50",F071 BLACK,https://e-roberto.eu/sklep/f071-black/,360,,
SPORTOWE,https://e-roberto.eu/wp-content/uploads/2022/01/DSC_0361-600x600.jpg,,"31,37","25,50",6126 WHITE,https://e-roberto.eu/sklep/6126-white/,576,,
BOTKI,https://e-roberto.eu/wp-content/uploads/2021/10/BEIGE-14.jpg,,"70,11","57,00",YK07 BEIGE,https://e-roberto.eu/sklep/yk07-beige/,960,,
SPORTOWE,https://e-roberto.eu/wp-content/uploads/2022/01/IMG_3356-600x600.jpg,,"48,59","39,50",828 WHITE,https://e-roberto.eu/sklep/828-white/,240,,
BOTKI,https://e-roberto.eu/wp-content/uploads/2021/10/BEIGE-13.jpg,,"86,1","70,00",NC1205 BEIGE,https://e-roberto.eu/sklep/nc1205-beige/,960,,
BOTKI,https://e-roberto.eu/wp-content/uploads/2021/10/x-9701-3-1.jpg,,"83,64","68,00",QT09 BLACK,https://e-roberto.eu/sklep/qt09-black/,960,,
BOTKI,https://e-roberto.eu/wp-content/uploads/2021/10/LL102.jpg,,"23,99","19,50",LL102,https://e-roberto.eu/sklep/ll102/,960,,
BOTKI,https://e-roberto.eu/wp-content/uploads/2021/10/BLACKK-2.jpg,,"86,1","70,00",NC1205 BLACK,https://e-roberto.eu/sklep/nc1205-black/,960,,
SPORTOWE,https://e-roberto.eu/wp-content/uploads/2022/04/anh_Viber_2022-04-07_16-45-57-573.jpg,,"94,71","77,00",JJ09 BLACK,https://e-roberto.eu/sklep/jj09-black/,504,,
SPORTOWE,https://e-roberto.eu/wp-content/uploads/2022/04/1b44c646de15d2327141b8834f41e52b.jpg,,"36,28","29,50",T-28 FUSHIA,https://e-roberto.eu/sklep/t-28-fushia/,96,,
BOTKI,https://e-roberto.eu/wp-content/uploads/2021/10/UK57.jpg,,"86,1","70,00",UK57 BEIGE,https://e-roberto.eu/sklep/uk57-beige/,960,,
BOTKI,https://e-roberto.eu/wp-content/uploads/2021/10/BLACK-17.jpg,,"86,1","70,00",UK57 BLACK,https://e-roberto.eu/sklep/uk57-black/,960,,
BOTKI,https://e-roberto.eu/wp-content/uploads/2021/10/BLACK-18.jpg,,"91,02","74,00",UK37 BLACK,https://e-roberto.eu/sklep/uk37-black/,960,,
BOTKI,https://e-roberto.eu/wp-content/uploads/2021/10/QT19-WHITE.jpg,,"75,03","61,00",QT19 WHITE,https://e-roberto.eu/sklep/qt19-white/,960,,
BOTKI,https://e-roberto.eu/wp-content/uploads/2021/10/BLACK-16.jpg,,"78,11","63,50",DA72 BLACK,https://e-roberto.eu/sklep/da72-black/,960,,
BOTKI,https://e-roberto.eu/wp-content/uploads/2021/10/x-9701-3.jpg,,"86,1","70,00",NC1177 BLACK,https://e-roberto.eu/sklep/nc1177-black/,960,,
BOTKI,https://e-roberto.eu/wp-content/uploads/2021/10/BLACK-35.jpg,,"75,03","61,00",NC1171 BLACK,https://e-roberto.eu/sklep/nc1171-black/,960,,
BOTKI,https://e-roberto.eu/wp-content/uploads/2021/10/BEIGE1.jpg,,"91,02","74,00",UK37 BEIGE,https://e-roberto.eu/sklep/uk37-beige/,960,,
BOTKI,https://e-roberto.eu/wp-content/uploads/2021/10/RB131-GREEN.jpg,,"87,33","71,00",RB131 GREEN,https://e-roberto.eu/sklep/rb131-green/,960,,
BOTKI,https://e-roberto.eu/wp-content/uploads/2021/10/QT19-BEIGE.jpg,,"75,03","61,00",QT19 BEIGE,https://e-roberto.eu/sklep/qt19-beige/,960,,
BOTKI,https://e-roberto.eu/wp-content/uploads/2021/10/RB131-BLUE.jpg,,"87,33","71,00",RB131 BLUE,https://e-roberto.eu/sklep/rb131-blue/,960,,
BOTKI,https://e-roberto.eu/wp-content/uploads/2021/10/anh_Viber_2021-10-01_17-54-47-621-600x600.jpg,,"44,9","36,50",C753 BLACK,https://e-roberto.eu/sklep/c753-black/,360,,
BOTKI,https://e-roberto.eu/wp-content/uploads/2021/10/RB131-PINK.jpg,,"87,33","71,00",RB131 PINK,https://e-roberto.eu/sklep/rb131-pink/,960,,
BOTKI,https://e-roberto.eu/wp-content/uploads/2021/10/buty-wolka-3-7.jpg,,"41,21","33,50",ST22 BEIGE,https://e-roberto.eu/sklep/st22-beige/,960,,
BOTKI,https://e-roberto.eu/wp-content/uploads/2021/10/QT19-BACK.jpg,,"75,03","61,00",QT19 BLACK,https://e-roberto.eu/sklep/qt19-black/,948,,
BOTKI,https://e-roberto.eu/wp-content/uploads/2021/10/buty-wolka-4-15-600x600.jpg,,"23,99","19,50",KL-198 BLACK,https://e-roberto.eu/sklep/kl-198-black/,948,,
BOTKI,https://e-roberto.eu/wp-content/uploads/2021/10/buty-wolka-5-12.jpg,,"39,98","32,50",G-7683 CAMEL,https://e-roberto.eu/sklep/g-7683-camel/,948,,
BOTKI,https://e-roberto.eu/wp-content/uploads/2021/10/szp51-1-600x600.jpg,,"36,28","29,50",CR-3369 BLACK,https://e-roberto.eu/sklep/cr-3369-black/,360,,
,,,,,,,0,,
BOTKI,https://e-roberto.eu/wp-content/uploads/2021/10/unnamed.jpg,,"48,59","39,50",M331 BLACK MIRROR,https://e-roberto.eu/sklep/m331-black-mirror/,360,,
BOTKI,https://e-roberto.eu/wp-content/uploads/2021/10/buty-wolka-1-63-600x601.jpg,,"53,51","43,50",C729 BLACK MIRROR,https://e-roberto.eu/sklep/c729-black-mirror/,384,,
BOTKI,https://e-roberto.eu/wp-content/uploads/2022/01/anh_Viber_2022-01-20_19-20-50-067.jpg,,"65,8","53,50",UK75 BLUE,https://e-roberto.eu/sklep/uk75-blue/,360,,
BOTKI,https://e-roberto.eu/wp-content/uploads/2022/01/271989279_1287158041766986_3893674570289634766_n.jpg,,"85,49","69,50",NS250 KHAKI,https://e-roberto.eu/sklep/ns250-khaki/,396,,
BOTKI,https://e-roberto.eu/wp-content/uploads/2021/10/IMG_0755.jpg,,"73,19","59,50",M599 CAMEL,https://e-roberto.eu/sklep/m599-camel/,348,,
BOTKI,https://e-roberto.eu/wp-content/uploads/2021/10/A5602.jpg,,"46,13","37,50",A5602-63 KHAKI,https://e-roberto.eu/sklep/a5602-63-khaki/,924,,
BOTKI,https://e-roberto.eu/wp-content/uploads/2021/10/ar-bottines-noires-a-grosse-chaine-doree-et-semelle-crantee-13752_49168.jpg,,"73,19","59,50",M599 BLACK,https://e-roberto.eu/sklep/m599-black/,912,,
BOTKI,https://e-roberto.eu/wp-content/uploads/2022/01/271986053_1287158065100317_4263727291993204401_n.jpg,,"85,49","69,50",NS250 BEIGE,https://e-roberto.eu/sklep/ns250-beige/,396,,
BOTKI,https://e-roberto.eu/wp-content/uploads/2022/01/anh_Viber_2022-01-20_19-22-20-603.jpg,,"65,8","53,50",UK75 BLACK,https://e-roberto.eu/sklep/uk75-black/,360,,
BOTKI,https://e-roberto.eu/wp-content/uploads/2022/01/271982797_1287158051766985_8847084362355741238_n.jpg,,"85,49","69,50",NS250 GREY,https://e-roberto.eu/sklep/ns250-grey/,396,,
BOTKI,https://e-roberto.eu/wp-content/uploads/2022/01/271958280_1287158055100318_2291206930343408611_n.jpg,,"85,49","69,50",NS250 BLACK,https://e-roberto.eu/sklep/ns250-black/,396,,
BOTKI,https://e-roberto.eu/wp-content/uploads/2022/01/anh_Viber_2022-01-09_14-17-01-541.jpg,,"28,91","23,50",R-272 BLACK,https://e-roberto.eu/sklep/r-272-black/,456,,
BOTKI,https://e-roberto.eu/wp-content/uploads/2021/10/16-508-12-1-600x600.jpg,,"48,59","39,50",KL-730 BLACK,https://e-roberto.eu/sklep/kl-730-black/,948,,
SPORTOWE,https://e-roberto.eu/wp-content/uploads/2022/02/DSC_0216-2-600x600.jpg,,"57,2","46,50",J1821 BLACK,https://e-roberto.eu/sklep/j1821-black/,372,,
BOTKI,https://e-roberto.eu/wp-content/uploads/2021/10/RQ358.jpg,,"48,59","39,50",RQ358 BLACK,https://e-roberto.eu/sklep/rq358-black/,960,,
BOTKI,https://e-roberto.eu/wp-content/uploads/2021/10/0-02-05-e88d47b78f18795c458b238baee8633a6f6d8c0dc6db82ab22d004cee1700ca9_31e2fd0eb26835a3.jpg,,"41,21","33,50",D7756Y BLACK,https://e-roberto.eu/sklep/d7756y-black/,588,,
SPORTOWE,https://e-roberto.eu/wp-content/uploads/2022/02/DSC_0212-600x600.jpg,,"60,89","49,50",J2151 WHITE,https://e-roberto.eu/sklep/j2151-white/,336,,
SPORTOWE,https://e-roberto.eu/wp-content/uploads/2022/02/anh_Viber_2022-02-15_18-13-04-582.jpg,,"53,51","43,50",TRAMPKI ZMIENIAJĄ KOLOR,https://e-roberto.eu/sklep/trampki-zmieniają-kolor/,1188,,
SPORTOWE,https://e-roberto.eu/wp-content/uploads/2022/02/DSC_0219-600x600.jpg,,"36,28","29,50",J2180 KHAKI,https://e-roberto.eu/sklep/j2180-khaki/,660,,
SPORTOWE,https://e-roberto.eu/wp-content/uploads/2022/02/DSC_0153-600x600.jpg,,"36,28","29,50",HR26 PINK,https://e-roberto.eu/sklep/hr26-pink/,960,,
SPORTOWE,https://e-roberto.eu/wp-content/uploads/2022/02/DSC_0210-600x600.jpg,,"60,89","49,50",J2151 BEIGE,https://e-roberto.eu/sklep/j2151-beige/,720,,
SPORTOWE,https://e-roberto.eu/wp-content/uploads/2022/02/536954.jpg,,"36,28","29,50",LDH006Y WHITE,https://e-roberto.eu/sklep/ldh006y-white/,480,,
SPORTOWE,https://e-roberto.eu/wp-content/uploads/2022/02/DSC_0483-600x600.jpg,,"36,28","29,50",LDH006Y GREY,https://e-roberto.eu/sklep/ldh006y-grey/,480,,
SPORTOWE,https://e-roberto.eu/wp-content/uploads/2022/04/anh_Viber_2022-04-03_16-21-02-437.jpg,,"36,28","29,50",PG06 BLACK,https://e-roberto.eu/sklep/pg06-black/,1776,,
SPORTOWE,https://e-roberto.eu/wp-content/uploads/2022/01/IMG_0717.jpg,,"48,59","39,50",TCYR-74 PINK,https://e-roberto.eu/sklep/tcyr-74-pink/,504,,
SPORTOWE,https://e-roberto.eu/wp-content/uploads/2022/04/anh_Viber_2022-04-03_16-21-02-214.jpg,,"36,28","29,50",PG06 KHAKI,https://e-roberto.eu/sklep/pg06-khaki/,1656,,
SPORTOWE,https://e-roberto.eu/wp-content/uploads/2022/02/khaki1-6-600x600.jpg,,"32,6","26,50",BO-802 KHAKI,https://e-roberto.eu/sklep/bo-802-khaki/,48,,
SPORTOWE,https://e-roberto.eu/wp-content/uploads/2022/01/IMG_0727.jpg,,"48,59","39,50",TCYR-74 WHITE,https://e-roberto.eu/sklep/tcyr-74-white/,564,,
SPORTOWE,https://e-roberto.eu/wp-content/uploads/2022/02/DSC_0147-600x600.jpg,,"36,28","29,50",HR26 BEIGE,https://e-roberto.eu/sklep/hr26-beige/,960,,
SPORTOWE,https://e-roberto.eu/wp-content/uploads/2022/02/DSC_0144-600x600.jpg,,"36,28","29,50",HR26 KHAKI,https://e-roberto.eu/sklep/hr26-khaki/,960,,
SPORTOWE,https://e-roberto.eu/wp-content/uploads/2022/01/271651495_923803374943165_9183877810033130493_n.jpg,,"28,91","23,50",CB857-11 FUKSJA,https://e-roberto.eu/sklep/cb857-11-fuksja/,708,,
BOTKI,https://e-roberto.eu/wp-content/uploads/2021/10/GREEN-4.jpg,,"62,12","50,50",QT33 GREEN,https://e-roberto.eu/sklep/qt33-green/,360,,
BOTKI,https://e-roberto.eu/wp-content/uploads/2021/10/BLACK1-10.jpg,,"62,12","50,50",QT33 BLACK,https://e-roberto.eu/sklep/qt33-black/,360,,
SPORTOWE,https://e-roberto.eu/wp-content/uploads/2022/02/black-23-600x600.jpg,,"32,6","26,50",BO-802 BLACK,https://e-roberto.eu/sklep/bo-802-black/,24,,
BOTKI,https://e-roberto.eu/wp-content/uploads/2021/10/BEIGE-12.jpg,,"94,71","77,00",RB109 BEIGE,https://e-roberto.eu/sklep/rb109-beige/,960,,
BOTKI,https://e-roberto.eu/wp-content/uploads/2021/10/buty-wolka-77.jpg,,"83,64","68,00",NC1158 BEIGE,https://e-roberto.eu/sklep/nc1158-beige/,960,,
BOTKI,https://e-roberto.eu/wp-content/uploads/2021/10/buty-wolka-1-62.jpg,,"83,64","68,00",NC1158 BLACK,https://e-roberto.eu/sklep/nc1158-black/,960,,
BOTKI,https://e-roberto.eu/wp-content/uploads/2021/10/BEIGE1-3.jpg,,"62,12","50,50",QT33 BEIGE,https://e-roberto.eu/sklep/qt33-beige/,360,,
BOTKI,https://e-roberto.eu/wp-content/uploads/2021/10/BLACK-33.jpg,,"94,71","77,00",RB109 CAMEL,https://e-roberto.eu/sklep/rb109-camel/,960,,
BOTKI,https://e-roberto.eu/wp-content/uploads/2021/10/BLACK-34.jpg,,"94,71","77,00",RB109 BLACK,https://e-roberto.eu/sklep/rb109-black/,960,,
SPORTOWE,https://e-roberto.eu/wp-content/uploads/2022/02/BLACK-5-600x600.jpg,,"48,59","39,50",KS-36 BLACK,https://e-roberto.eu/sklep/ks-36-black/,132,,
BOTKI,https://e-roberto.eu/wp-content/uploads/2021/10/CAMEL-9.jpg,,"94,71","77,00",RB109 CAMEL,https://e-roberto.eu/sklep/rb109-camel/,960,,
SPORTOWE,https://e-roberto.eu/wp-content/uploads/2022/02/trampki-sneakersy-z-lancuszkiem-bezowe-sandy-2.jpg,,"32,6","26,50",6737 KHAKI,https://e-roberto.eu/sklep/6737-khaki/,36,,
BOTKI,https://e-roberto.eu/wp-content/uploads/2021/10/BLACK-15.jpg,,"92,25","75,00",DA77 BLACK,https://e-roberto.eu/sklep/da77-black/,960,,
BOTKI,https://e-roberto.eu/wp-content/uploads/2021/10/BLACK-12.jpg,,"62,12","50,50",RB106 BLACK,https://e-roberto.eu/sklep/rb106-black/,360,,
BOTKI,https://e-roberto.eu/wp-content/uploads/2021/10/YK014.jpg,,"81,18","66,00",YK014 CAMEL,https://e-roberto.eu/sklep/yk014-camel/,960,,
BOTKI,https://e-roberto.eu/wp-content/uploads/2021/10/GREEN-3.jpg,,"92,25","75,00",DA77 GREEN,https://e-roberto.eu/sklep/da77-green/,960,,
BOTKI,https://e-roberto.eu/wp-content/uploads/2021/10/BEI-1.jpg,,"62,12","50,50",RB106 BEIGE,https://e-roberto.eu/sklep/rb106-beige/,948,,
BOTKI,https://e-roberto.eu/wp-content/uploads/2021/10/buty-wolka-2-43.jpg,,"62,12","50,50",ST62 BLACK,https://e-roberto.eu/sklep/st62-black/,360,,
BOTKI,https://e-roberto.eu/wp-content/uploads/2021/10/GREY-1.jpg,,"61,5","50,00",RB106 GREY,https://e-roberto.eu/sklep/rb106-grey/,960,,
BOTKI,https://e-roberto.eu/wp-content/uploads/2021/10/BEI-2.jpg,,"92,25","75,00",DA77 BEIGE,https://e-roberto.eu/sklep/da77-beige/,960,,
BOTKI,https://e-roberto.eu/wp-content/uploads/2021/10/BEIGE-3.jpg,,"88,56","72,00",RB108 BEIGE,https://e-roberto.eu/sklep/rb108-beige/,960,,
BOTKI,https://e-roberto.eu/wp-content/uploads/2021/10/RB131-BEIGE.jpg,,"87,33","71,00",RB131 BEIGE,https://e-roberto.eu/sklep/rb131-beige/,960,,
BOTKI,https://e-roberto.eu/wp-content/uploads/2021/10/YK17-CAMEL.jpg,,"78,72","64,00",YK17 CAMEL,https://e-roberto.eu/sklep/yk17-camel/,960,,
BOTKI,https://e-roberto.eu/wp-content/uploads/2021/10/YK17-BLACK.jpg,,"78,72","64,00",YK17 BLACK,https://e-roberto.eu/sklep/yk17-black/,948,,
BOTKI,https://e-roberto.eu/wp-content/uploads/2021/10/buty-wolka-36-600x601.jpg,,"41,21","33,50",ST22 CAMEL,https://e-roberto.eu/sklep/st22-camel/,960,,
BOTKI,https://e-roberto.eu/wp-content/uploads/2021/10/buty-wolka-12-2.jpg,,"92,25","75,00",NC1237 BLACK,https://e-roberto.eu/sklep/nc1237-black/,960,,
BOTKI,https://e-roberto.eu/wp-content/uploads/2021/10/8231a-4-2.jpg,,"36,28","29,50",A3706-26 GREY,https://e-roberto.eu/sklep/a3706-26-grey/,960,,
BOTKI,https://e-roberto.eu/wp-content/uploads/2021/10/RB131-BLACK.jpg,,"87,33","71,00",RB131 BLACK,https://e-roberto.eu/sklep/rb131-black/,960,,
BOTKI,https://e-roberto.eu/wp-content/uploads/2021/10/buty-wolka-13-2.jpg,,"48,59","39,50",ST19 BLACK,https://e-roberto.eu/sklep/st19-black/,960,,
BOTKI,https://e-roberto.eu/wp-content/uploads/2021/10/YK17-BEIGE-1.jpg,,"78,72","64,00",YK17 BEIGE,https://e-roberto.eu/sklep/yk17-beige/,948,,
,,,,,,,0,,
BOTKI,https://e-roberto.eu/wp-content/uploads/2021/10/1587BLK.jpg,,"38,74","31,50",1587 BLACK,https://e-roberto.eu/sklep/1587-black/,588,,
BOTKI,https://e-roberto.eu/wp-content/uploads/2021/10/buty-wolka-10-3.jpg,,"55,97","45,50",HQ251 BLACK,https://e-roberto.eu/sklep/hq251-black/,478,,
BOTKI,https://e-roberto.eu/wp-content/uploads/2021/12/anh_Viber_2021-12-15_15-01-37-872.jpg,,"81,8","66,50",NC1253 BEIGE,https://e-roberto.eu/sklep/nc1253-beige/,396,,
BOTKI,https://e-roberto.eu/wp-content/uploads/2021/10/buty-wolka-11-2.jpg,,"92,25","75,00",NC1237 BEIGE,https://e-roberto.eu/sklep/nc1237-beige/,960,,
BOTKI,https://e-roberto.eu/wp-content/uploads/2021/10/CLS2.jpg,,"48,59","39,50",CLS-81 BLACK,https://e-roberto.eu/sklep/cls-81-black/,936,,
BOTKI,https://e-roberto.eu/wp-content/uploads/2021/12/anh_Viber_2021-12-15_15-01-38-266.jpg,,"81,8","66,50",NC1253 BLACK,https://e-roberto.eu/sklep/nc1253-black/,396,,
BOTKI,https://e-roberto.eu/wp-content/uploads/2021/10/IC0001.jpg,,"43,05","35,00",IC01 BLACK,https://e-roberto.eu/sklep/ic01-black/,936,,
BOTKI,https://e-roberto.eu/wp-content/uploads/2021/10/buty-wolka-6-19.jpg,,"20,29","16,50",AM-1113 PINK,https://e-roberto.eu/sklep/am-1113-pink/,312,,
SPORTOWE,https://e-roberto.eu/wp-content/uploads/2022/02/DSC_0150-600x600.jpg,,"36,28","29,50",HR26 BLACK,https://e-roberto.eu/sklep/hr26-black/,420,,
BOTKI,https://e-roberto.eu/wp-content/uploads/2021/12/white.jpg,,"67,65","55,00",HF219 WHITE,https://e-roberto.eu/sklep/hf219-white/,180,,
SPORTOWE,https://e-roberto.eu/wp-content/uploads/2022/02/DSC_0106-600x600.jpg,,"41,21","33,50",6401-8 WHITE,https://e-roberto.eu/sklep/6401-8-white/,564,,
BOTKI,https://e-roberto.eu/wp-content/uploads/2021/10/buty-wolka-13-5.jpg,,"20,29","16,50",AM-1117 WINE,https://e-roberto.eu/sklep/am-1117-wine/,360,,
BOTKI,https://e-roberto.eu/wp-content/uploads/2021/12/black-1.jpg,,"67,65","55,00",HF219 BLACK,https://e-roberto.eu/sklep/hf219-black/,180,,
SPORTOWE,https://e-roberto.eu/wp-content/uploads/2022/02/DSC_0155-600x600.jpg,,"36,28","29,50",HR29 KHAKI,https://e-roberto.eu/sklep/hr29-khaki/,600,,
SPORTOWE,https://e-roberto.eu/wp-content/uploads/2022/02/DSC_0109-600x600.jpg,,"41,21","33,50",6401-4 KHAKI,https://e-roberto.eu/sklep/6401-4-khaki/,180,,
SPORTOWE,https://e-roberto.eu/wp-content/uploads/2021/10/IMG_0749.jpg,,"31,37","25,50",H8832 KHAKI,https://e-roberto.eu/sklep/h8832-khaki/,12,,
SPORTOWE,https://e-roberto.eu/wp-content/uploads/2022/02/DSC_0104-1-600x600.jpg,,"41,21","33,50",6401-27 PINK,https://e-roberto.eu/sklep/6401-27-pink/,216,,
SPORTOWE,https://e-roberto.eu/wp-content/uploads/2022/02/DSC_0355-600x600.jpg,,"48,59","39,50",KS-36 CAMEL,https://e-roberto.eu/sklep/ks-36-camel/,600,,
SPORTOWE,https://e-roberto.eu/wp-content/uploads/2022/02/SILVER-600x600.jpg,,"48,59","39,50",KS-36 SILVER,https://e-roberto.eu/sklep/ks-36-silver/,600,,
BOTKI,https://e-roberto.eu/wp-content/uploads/2021/10/BROWN1.jpg,,"86,1","70,00",ST69 BROWN,https://e-roberto.eu/sklep/st69-brown/,960,,
BOTKI,https://e-roberto.eu/wp-content/uploads/2021/10/buty-wolka-76.jpg,,"44,9","36,50",M927 CAMEL,https://e-roberto.eu/sklep/m927-camel/,960,,
,,,,,,,0,,
BOTKI,https://e-roberto.eu/wp-content/uploads/2021/10/RB104.jpg,,"86,1","70,00",RB104 BLACK,https://e-roberto.eu/sklep/rb104-black/,960,,
BOTKI,https://e-roberto.eu/wp-content/uploads/2021/10/BLACK1-9.jpg,,"86,1","70,00",ST69 BLACK,https://e-roberto.eu/sklep/st69-black/,960,,
SPORTOWE,https://e-roberto.eu/wp-content/uploads/2021/10/IMG_0747.jpg,,"23,99","19,50",H8832 BROWN,https://e-roberto.eu/sklep/h8832-brown/,96,,
BOTKI,https://e-roberto.eu/wp-content/uploads/2021/10/CAMEL1-2.jpg,,"86,1","70,00",ST69 CAMEL,https://e-roberto.eu/sklep/st69-camel/,960,,
BOTKI,https://e-roberto.eu/wp-content/uploads/2021/10/pol_pl_Botki-skarpetkowa-cholewka-TONE-BLACK-29876_2.jpg,,"86,72","70,50",YK20 BLACK,https://e-roberto.eu/sklep/yk20-black/,960,,
BOTKI,https://e-roberto.eu/wp-content/uploads/2021/10/BLACK-11.jpg,,"88,56","72,00",RB108 BLACK,https://e-roberto.eu/sklep/rb108-black/,960,,
BOTKI,https://e-roberto.eu/wp-content/uploads/2021/10/NC11077.jpg,,"86,1","70,00",NC1107 BLACK,https://e-roberto.eu/sklep/nc1107-black/,960,,
BOTKI,https://e-roberto.eu/wp-content/uploads/2021/10/NC1053.jpg,,"79,33","64,50",NC1053 BLACK,https://e-roberto.eu/sklep/nc1053-black/,948,,
BOTKI,https://e-roberto.eu/wp-content/uploads/2021/10/16-508-11.jpg,,"55,35","45,00",4008 BEIGE,https://e-roberto.eu/sklep/4008-beige/,960,,
BOTKI,https://e-roberto.eu/wp-content/uploads/2021/10/BLACK-9.jpg,,"62,12","50,50",JX81 BLACK,https://e-roberto.eu/sklep/jx81-black/,936,,
BOTKI,https://e-roberto.eu/wp-content/uploads/2021/10/BEI.jpg,,"62,12","50,50",JX81 BEIGE,https://e-roberto.eu/sklep/jx81-beige/,960,,
BOTKI,https://e-roberto.eu/wp-content/uploads/2021/10/16-508-1-6.jpg,,"55,35","45,00",4008 WHITE,https://e-roberto.eu/sklep/4008-white/,960,,
BOTKI,https://e-roberto.eu/wp-content/uploads/2021/10/buty-wolka-9-14.jpg,,"20,29","16,50",AM-1117 PINK,https://e-roberto.eu/sklep/am-1117-pink/,252,,
BOTKI,https://e-roberto.eu/wp-content/uploads/2021/10/0-02-05-c904adbe9e7e26160dad09cf990263b6f12a23589877a8b34eafb63e558b87c0_d3872dc7a2c1165b.jpg,,"60,89","49,50",55-73 BLACK,https://e-roberto.eu/sklep/55-73-black/,680,,
BOTKI,https://e-roberto.eu/wp-content/uploads/2021/10/0-02-05-95527ae6a085d4fa0a6ac07deb8f67670599ac16ad62fd9c9a8dcbfe4cc5ca3c_81bed4b177a70126-600x600.jpg,,"78,72","64,00",F13 BEIGE,https://e-roberto.eu/sklep/f13-beige/,360,,
BOTKI,https://e-roberto.eu/wp-content/uploads/2021/11/4316287_58_4-scaled.jpg,,"60,89","49,50",7715 BLACK,https://e-roberto.eu/sklep/7715-black/,1200,,
BOTKI,https://e-roberto.eu/wp-content/uploads/2021/10/0-02-05-55a3e914ac5c5967fff07fc78483342605d55fe8d4c4f6401eedbe0ecf77eb6e_4ead2d5041660699-600x600.jpg,,"78,72","64,00",F13 BLACK,https://e-roberto.eu/sklep/f13-black/,668,,
,,,,,,,0,,
BOTKI,https://e-roberto.eu/wp-content/uploads/2021/10/buty-wolka-7-4.jpg,,"89,79","73,00",YK21 BLACK,https://e-roberto.eu/sklep/yk21-black/,960,,
BOTKI,https://e-roberto.eu/wp-content/uploads/2021/12/16-508-1.jpg,,"55,97","45,50",RM06M-1 BLACK,https://e-roberto.eu/sklep/rm06m-1-black/,304,,
BOTKI,https://e-roberto.eu/wp-content/uploads/2021/12/263505864_603590194232762_7395002575941924568_n-600x824.gif,,"35,67","29,00",18980 LEOPAR,https://e-roberto.eu/sklep/18980-leopar/,1056,,
BOTKI,https://e-roberto.eu/wp-content/uploads/2021/10/M566.jpg,,"39,98","32,50",M556 BLACK MIRROR,https://e-roberto.eu/sklep/m556-black-mirror/,348,,
BOTKI,https://e-roberto.eu/wp-content/uploads/2021/12/a3e4d649-fc87-43e8-be24-7a7e2bc62fa5.jpg,,"60,89","49,50",ZP01 BLACK,https://e-roberto.eu/sklep/zp01-black/,468,,
SPORTOWE,https://e-roberto.eu/wp-content/uploads/2022/02/DSC_0124-600x600.jpg,,"55,35","45,00",1076 KHAKI,https://e-roberto.eu/sklep/1076-khaki/,84,,
SPORTOWE,https://e-roberto.eu/wp-content/uploads/2022/02/DSC_0113-600x600.jpg,,"55,35","45,00",1076 BEIGE,https://e-roberto.eu/sklep/1076-beige/,252,,
BOTKI,https://e-roberto.eu/wp-content/uploads/2021/10/anh_Viber_2021-10-21_12-48-15-050.jpg,,"53,51","43,50",J992 BLACK,https://e-roberto.eu/sklep/j992-black/,720,,
SPORTOWE,https://e-roberto.eu/wp-content/uploads/2022/02/DSC_0130-600x600.jpg,,"55,35","45,00",1076 BLACK,https://e-roberto.eu/sklep/1076-black/,288,,
SPORTOWE,https://e-roberto.eu/wp-content/uploads/2022/02/DSC_0126-600x600.jpg,,"41,21","33,50",6401-21 ALL.BLACK,https://e-roberto.eu/sklep/6401-21-all.black/,600,,
SPORTOWE,https://e-roberto.eu/wp-content/uploads/2022/02/DSC_0128-600x600.jpg,,"41,21","33,50",6401-1 BLACK,https://e-roberto.eu/sklep/6401-1-black/,600,,
SPORTOWE,https://e-roberto.eu/wp-content/uploads/2021/10/IMG_0754.jpg,,"31,37","25,50",H8832 BEIGE,https://e-roberto.eu/sklep/h8832-beige/,216,,
SPORTOWE,https://e-roberto.eu/wp-content/uploads/2021/10/1-12.jpg,,"31,37","25,50",H8832 BLACK,https://e-roberto.eu/sklep/h8832-black/,960,,
SPORTOWE,https://e-roberto.eu/wp-content/uploads/2021/10/16-508-2-3.jpg,,"39,98","32,50",VL141 WHITE/BEIGE,https://e-roberto.eu/sklep/vl141-white/beige/,348,,
SPORTOWE,https://e-roberto.eu/wp-content/uploads/2021/10/16-508-4-1.jpg,,"39,98","32,50",VL141 PINK,https://e-roberto.eu/sklep/vl141-pink/,360,,
SPORTOWE,https://e-roberto.eu/wp-content/uploads/2022/02/DSC_0134-600x600.jpg,,"55,35","45,00",2645 GREEN,https://e-roberto.eu/sklep/2645-green/,132,,
SPORTOWE,https://e-roberto.eu/wp-content/uploads/2021/10/16-508-1-10.jpg,,"39,98","32,50",VL141 WHITE,https://e-roberto.eu/sklep/vl141-white/,360,,
SPORTOWE,https://e-roberto.eu/wp-content/uploads/2022/04/IMG_3437-600x600.jpg,,"44,9","36,50",TCYR-51 WHITE,https://e-roberto.eu/sklep/tcyr-51-white/,48,,
SPORTOWE,https://e-roberto.eu/wp-content/uploads/2021/10/16-508-15.jpg,,"39,98","32,50",VL141 BLACK,https://e-roberto.eu/sklep/vl141-black/,480,,
SPORTOWE,https://e-roberto.eu/wp-content/uploads/2022/02/IMG_3435-600x600.jpg,,"44,9","36,50",TCYR-60 BEIGE,https://e-roberto.eu/sklep/tcyr-60-beige/,84,,
SPORTOWE,https://e-roberto.eu/wp-content/uploads/2022/04/IMG_3441-600x600.jpg,,"94,71","77,00",JJ09 BEIGE,https://e-roberto.eu/sklep/jj09-beige/,588,,
SPORTOWE,https://e-roberto.eu/wp-content/uploads/2021/10/16-508-5-1.jpg,,"39,98","32,50",VL141 RED,https://e-roberto.eu/sklep/vl141-red/,348,,
SPORTOWE,https://e-roberto.eu/wp-content/uploads/2022/02/RRE-600x600.jpg,,"44,9","36,50",TCYR-51 GREEN,https://e-roberto.eu/sklep/tcyr-51-green/,60,,
SPORTOWE,https://e-roberto.eu/wp-content/uploads/2021/10/16-508-3-1-600x600.jpg,,"39,98","32,50",VL141 GRAY,https://e-roberto.eu/sklep/vl141-gray/,348,,
SPORTOWE,https://e-roberto.eu/wp-content/uploads/2022/04/IMG_3454-600x600.jpg,,"94,71","77,00",JJ09 WHITE,https://e-roberto.eu/sklep/jj09-white/,588,,
SPORTOWE,https://e-roberto.eu/wp-content/uploads/2022/04/IMG_3448-600x600.jpg,,"94,71","77,00",JJ09 BLACK,https://e-roberto.eu/sklep/jj09-black/,564,,
BOTKI,https://e-roberto.eu/wp-content/uploads/2021/10/16-508-2-5.jpg,,"86,1","70,00",NC1227 BEIGE,https://e-roberto.eu/sklep/nc1227-beige/,960,,
BOTKI,https://e-roberto.eu/wp-content/uploads/2021/10/BLACK-32.jpg,,"72,57","59,00",UK33 BLACK,https://e-roberto.eu/sklep/uk33-black/,960,,
SPORTOWE,https://e-roberto.eu/wp-content/uploads/2022/04/IMG_3450-600x600.jpg,,"94,71","77,00",JJ09 KHAKI,https://e-roberto.eu/sklep/jj09-khaki/,588,,
SPORTOWE,https://e-roberto.eu/wp-content/uploads/2022/02/274592463_680492866548931_4876709527061281588_n.jpg,,"41,82","34,00",NB526 PEACH,https://e-roberto.eu/sklep/nb526-peach/,12,,
BOTKI,https://e-roberto.eu/wp-content/uploads/2021/10/buty-wolka-4-21.jpg,,"86,1","70,00",ST70 BROWN,https://e-roberto.eu/sklep/st70-brown/,960,,
BOTKI,https://e-roberto.eu/wp-content/uploads/2021/10/BEIGE-11.jpg,,"88,56","72,00",RB116 BEIGE,https://e-roberto.eu/sklep/rb116-beige/,960,,
BOTKI,https://e-roberto.eu/wp-content/uploads/2021/10/buty-wolka-1-60.jpg,,"86,1","70,00",ST70 CAMEL,https://e-roberto.eu/sklep/st70-camel/,960,,
BOTKI,https://e-roberto.eu/wp-content/uploads/2021/10/BLACK-31.jpg,,"88,56","72,00",RB116 BLACK,https://e-roberto.eu/sklep/rb116-black/,960,,
BOTKI,https://e-roberto.eu/wp-content/uploads/2021/10/GREEN-1.jpg,,"62,12","50,50",JX81 GREEN,https://e-roberto.eu/sklep/jx81-green/,960,,
BOTKI,https://e-roberto.eu/wp-content/uploads/2021/10/buty-wolka-75.jpg,,"86,1","70,00",ST70 BLACK,https://e-roberto.eu/sklep/st70-black/,960,,
BOTKI,https://e-roberto.eu/wp-content/uploads/2021/10/16-508-19.jpg,,"86,1","70,00",NC1227 BLACK,https://e-roberto.eu/sklep/nc1227-black/,960,,
BOTKI,https://e-roberto.eu/wp-content/uploads/2021/10/BROWWWWWN.jpg,,"62,12","50,50",RB107 BROWN,https://e-roberto.eu/sklep/rb107-brown/,360,,
BOTKI,https://e-roberto.eu/wp-content/uploads/2021/10/BEIGE-1.jpg,,"62,12","50,50",RB107 BEIGE,https://e-roberto.eu/sklep/rb107-beige/,360,,
BOTKI,https://e-roberto.eu/wp-content/uploads/2021/10/GREUY.jpg,,"72,57","59,00",UK33 GREY,https://e-roberto.eu/sklep/uk33-grey/,960,,
BOTKI,https://e-roberto.eu/wp-content/uploads/2021/10/BLACK-8.jpg,,"62,12","50,50",RB107 BLACK,https://e-roberto.eu/sklep/rb107-black/,360,,
BOTKI,https://e-roberto.eu/wp-content/uploads/2021/10/BLACK-7.jpg,,"79,33","64,50",QT26 BLACK,https://e-roberto.eu/sklep/qt26-black/,960,,
BOTKI,https://e-roberto.eu/wp-content/uploads/2021/10/x-9701.jpg,,"86,1","70,00",NC1188 BLACK,https://e-roberto.eu/sklep/nc1188-black/,960,,
BOTKI,https://e-roberto.eu/wp-content/uploads/2021/10/x-9701-1.jpg,,"88,56","72,00",NC1182 BLACK,https://e-roberto.eu/sklep/nc1182-black/,960,,
BOTKI,https://e-roberto.eu/wp-content/uploads/2021/10/ID01.jpg,,"75,65","61,50",ID01 BLACK,https://e-roberto.eu/sklep/id01-black/,960,,
BOTKI,https://e-roberto.eu/wp-content/uploads/2021/10/x-9701-2.jpg,,"91,02","74,00",NC1181 BLACK,https://e-roberto.eu/sklep/nc1181-black/,960,,
BOTKI,https://e-roberto.eu/wp-content/uploads/2021/10/nc1052.jpg,,"81,8","66,50",NC1052 BLACK,https://e-roberto.eu/sklep/nc1052-black/,960,,
BOTKI,https://e-roberto.eu/wp-content/uploads/2021/10/NC1051.jpg,,"81,8","66,50",NC1051 BLACK,https://e-roberto.eu/sklep/nc1051-black/,960,,
BOTKI,https://e-roberto.eu/wp-content/uploads/2021/10/16-508-17-600x600.jpg,,"63,96","52,00",NC1126 BEIGE,https://e-roberto.eu/sklep/nc1126-beige/,960,,
BOTKI,https://e-roberto.eu/wp-content/uploads/2021/10/buty-wolka-30.jpg,,"70,72","57,50",UK31 KOLOR DO WYBORU,https://e-roberto.eu/sklep/uk31-kolor-do-wyboru/,960,,
BOTKI,https://e-roberto.eu/wp-content/uploads/2021/10/buty-wolka-2-13.jpg,,"89,79","73,00",YK21 BEIGE,https://e-roberto.eu/sklep/yk21-beige/,960,,
BOTKI,https://e-roberto.eu/wp-content/uploads/2021/10/NC1091W.jpg,,"59,66","48,50",NC1091 WHITE,https://e-roberto.eu/sklep/nc1091-white/,960,,
BOTKI,https://e-roberto.eu/wp-content/uploads/2021/10/1055CAM.jpg,,"74,41","60,50",NC1055 CAMEL,https://e-roberto.eu/sklep/nc1055-camel/,960,,
BOTKI,https://e-roberto.eu/wp-content/uploads/2021/10/NC1028.jpg,,"68,27","55,50",NC1028 BLACK,https://e-roberto.eu/sklep/nc1028-black/,960,,
BOTKI,https://e-roberto.eu/wp-content/uploads/2021/10/0-02-0a-9d31a4e6ab28cc6a3780a7e5d93b650e51e18a7fdf5022575e1f813998c10576_d050b767aae11d4b.jpg,,"59,04","48,00",RXJ112 BLACK,https://e-roberto.eu/sklep/rxj112-black/,348,,
BOTKI,https://e-roberto.eu/wp-content/uploads/2021/10/buty-wolka-2-10.jpg,,"84,26","68,50",NS233 KHAKI,https://e-roberto.eu/sklep/ns233-khaki/,960,,
BOTKI,https://e-roberto.eu/wp-content/uploads/2021/10/NC1091.jpg,,"59,66","48,50",NC1091 BLACK,https://e-roberto.eu/sklep/nc1091-black/,960,,
BOTKI,https://e-roberto.eu/wp-content/uploads/2021/10/NC1110.jpg,,"79,95","65,00",NC1110 BLACK,https://e-roberto.eu/sklep/nc1110-black/,960,,
BOTKI,https://e-roberto.eu/wp-content/uploads/2021/10/531021.jpg,,"55,35","45,00",A5800 KHAKI,https://e-roberto.eu/sklep/a5800-khaki/,360,,
BOTKI,https://e-roberto.eu/wp-content/uploads/2021/11/1-1.jpg,,"78,72","64,00",G002 BLACK,https://e-roberto.eu/sklep/g002-black/,336,,
BOTKI,https://e-roberto.eu/wp-content/uploads/2021/11/pol_pl_Botki-glany-THORA-BLACK-30044_7.jpg,,"55,35","45,00",E972 BLACK,https://e-roberto.eu/sklep/e972-black/,324,,
BOTKI,https://e-roberto.eu/wp-content/uploads/2021/10/531013.jpg,,"55,35","45,00",A5800 BLACK,https://e-roberto.eu/sklep/a5800-black/,948,,
BOTKI,https://e-roberto.eu/wp-content/uploads/2021/11/IDEAL-SHOES-5705-KHAKI-5-600x600.jpg,,"69,5","56,50",E-705 KHAKI 36 41,https://e-roberto.eu/sklep/e-705-khaki-36-41/,336,,
BOTKI,https://e-roberto.eu/wp-content/uploads/2021/11/botki-zamszowe-krotkie-panterkowe-7968-2-600x600.jpg,,"35,67","29,00",18988 LEOPARD,https://e-roberto.eu/sklep/18988-leopard/,312,,
SPORTOWE,https://e-roberto.eu/wp-content/uploads/2022/02/DSC_0120-600x600.jpg,,"55,35","45,00",2645 WHITE,https://e-roberto.eu/sklep/2645-white/,312,,
BOTKI,https://e-roberto.eu/wp-content/uploads/2021/12/zq8wc.b36b98.xxl_.webp,,"72,57","59,00",9856 BLACK,https://e-roberto.eu/sklep/9856-black/,324,,
SPORTOWE,https://e-roberto.eu/wp-content/uploads/2022/01/IMG_0737.jpg,,"31,37","25,50",10213Y WHITE,https://e-roberto.eu/sklep/10213y-white/,264,,
SPORTOWE,https://e-roberto.eu/wp-content/uploads/2022/02/DSC_0117-600x600.jpg,,"55,35","45,00",2645 BEIGE,https://e-roberto.eu/sklep/2645-beige/,876,,
SPORTOWE,https://e-roberto.eu/wp-content/uploads/2022/03/GREY-8.jpg,,"33,83","27,50",VL150 GREY,https://e-roberto.eu/sklep/vl150-grey/,564,,
BOTKI,https://e-roberto.eu/wp-content/uploads/2021/11/pol_pl_WYGODNE-ZAMSZOWE-BOTKI-74926_4.jpg,,"69,5","56,50",B-376 BLACK,https://e-roberto.eu/sklep/b-376-black/,324,,
BOTKI,https://e-roberto.eu/wp-content/uploads/2021/10/buty-wolka-4-20.jpg,,"79,33","64,50",QT22 BEIGE,https://e-roberto.eu/sklep/qt22-beige/,960,,
BOTKI,https://e-roberto.eu/wp-content/uploads/2021/11/pol_pl_LAKIEROWANE-WORKERY-74927_2.jpg,,"66,42","54,00",B-520 BLACK,https://e-roberto.eu/sklep/b-520-black/,336,,
BOTKI,https://e-roberto.eu/wp-content/uploads/2021/10/buty-wolka-3-23.jpg,,"79,33","64,50",QT22 BLACK,https://e-roberto.eu/sklep/qt22-black/,960,,
SPORTOWE,https://e-roberto.eu/wp-content/uploads/2022/03/BLUE-11.jpg,,"41,21","33,50",BL255 BLUE,https://e-roberto.eu/sklep/bl255-blue/,600,,
BOTKI,https://e-roberto.eu/wp-content/uploads/2021/10/buty-wolka-2-41.jpg,,"84,26","68,50",NS222 BLACK,https://e-roberto.eu/sklep/ns222-black/,960,,
SPORTOWE,https://e-roberto.eu/wp-content/uploads/2022/03/WHITE-29.jpg,,"41,21","33,50",BL255 WHITE,https://e-roberto.eu/sklep/bl255-white/,600,,
SPORTOWE,https://e-roberto.eu/wp-content/uploads/2022/03/KHAKI-23.jpg,,"33,83","27,50",VL150 KHAKI,https://e-roberto.eu/sklep/vl150-khaki/,588,,
SPORTOWE,https://e-roberto.eu/wp-content/uploads/2022/03/BLACK-48.jpg,,"33,83","27,50",VL150 BLACK,https://e-roberto.eu/sklep/vl150-black/,588,,
BOTKI,https://e-roberto.eu/wp-content/uploads/2021/10/CAMELEK.jpg,,"84,26","68,50",QT17 CAMEL,https://e-roberto.eu/sklep/qt17-camel/,960,,
BOTKI,https://e-roberto.eu/wp-content/uploads/2021/10/CAMEL-3.jpg,,"50,43","41,00",NC989 CAMEL,https://e-roberto.eu/sklep/nc989-camel/,960,,
BOTKI,https://e-roberto.eu/wp-content/uploads/2021/10/black-6.jpg,,"43,67","35,50",NC1058 BLACK,https://e-roberto.eu/sklep/nc1058-black/,948,,
BOTKI,https://e-roberto.eu/wp-content/uploads/2021/10/buty-wolka-1-59.jpg,,"84,26","68,50",NS222 GREEN,https://e-roberto.eu/sklep/ns222-green/,960,,
BOTKI,https://e-roberto.eu/wp-content/uploads/2021/10/GREEN.jpg,,"84,26","68,50",QT17 GREEN,https://e-roberto.eu/sklep/qt17-green/,960,,
BOTKI,https://e-roberto.eu/wp-content/uploads/2021/10/buty-wolka-5-15.jpg,,"84,26","68,50",NS222 BEIGE,https://e-roberto.eu/sklep/ns222-beige/,960,,
BOTKI,https://e-roberto.eu/wp-content/uploads/2021/10/buty-wolka-27.jpg,,"84,26","68,50",NS233 GREEN,https://e-roberto.eu/sklep/ns233-green/,960,,
BOTKI,https://e-roberto.eu/wp-content/uploads/2021/10/NC972BLACK.jpg,,"50,43","41,00",NC972 BLACK,https://e-roberto.eu/sklep/nc972-black/,960,,
BOTKI,https://e-roberto.eu/wp-content/uploads/2021/10/1206.jpg,,"86,1","70,00",NC1206 BLACK,https://e-roberto.eu/sklep/nc1206-black/,960,,
BOTKI,https://e-roberto.eu/wp-content/uploads/2021/10/989.jpg,,"50,43","41,00",NC989 BLACK,https://e-roberto.eu/sklep/nc989-black/,960,,
BOTKI,https://e-roberto.eu/wp-content/uploads/2021/10/16-508-8-1-600x600.jpg,,"63,96","52,00",NC1126 CAMEL,https://e-roberto.eu/sklep/nc1126-camel/,960,,
BOTKI,https://e-roberto.eu/wp-content/uploads/2021/10/NC872CAMEL.jpg,,"50,43","41,00",NC972 CAMEL,https://e-roberto.eu/sklep/nc972-camel/,960,,
BOTKI,https://e-roberto.eu/wp-content/uploads/2021/10/BLACK-5.jpg,,"79,33","64,50",NC1251 BLACK,https://e-roberto.eu/sklep/nc1251-black/,960,,
BOTKI,https://e-roberto.eu/wp-content/uploads/2021/10/buty-wolka-1-17.jpg,,"84,26","68,50",NS233 BLACK,https://e-roberto.eu/sklep/ns233-black/,960,,
BOTKI,https://e-roberto.eu/wp-content/uploads/2021/10/buty-wolka-1-1.jpg,,"39,98","32,50",JKD-96 BLACK,https://e-roberto.eu/sklep/jkd-96-black/,480,,
BOTKI,https://e-roberto.eu/wp-content/uploads/2021/10/NS097.jpg,,"73,19","59,50",NS097 WHITE,https://e-roberto.eu/sklep/ns097-white/,960,,
BOTKI,https://e-roberto.eu/wp-content/uploads/2021/10/531017.jpg,,"55,35","45,00",A5800 GREY,https://e-roberto.eu/sklep/a5800-grey/,360,,
BOTKI,https://e-roberto.eu/wp-content/uploads/2021/10/NC872KHAKI.jpg,,"50,43","41,00",NC972 KHAKI,https://e-roberto.eu/sklep/nc972-khaki/,960,,
BOTKI,https://e-roberto.eu/wp-content/uploads/2021/10/buty-wolka-37.jpg,,"48,59","39,50",RQ521 BLACK,https://e-roberto.eu/sklep/rq521-black/,468,,
BOTKI,https://e-roberto.eu/wp-content/uploads/2021/10/buty-wolka-5-3.jpg,,"48,59","39,50",A3703 BLACK,https://e-roberto.eu/sklep/a3703-black/,960,,
BOTKI,https://e-roberto.eu/wp-content/uploads/2021/10/buty-wolka-29.jpg,,"33,83","27,50",M538 BLACK MIRROR,https://e-roberto.eu/sklep/m538-black-mirror/,360,,
BOTKI,https://e-roberto.eu/wp-content/uploads/2021/10/anh_Viber_2021-10-05_22-33-58-995.jpg,,"68,27","55,50",881A BLACK,https://e-roberto.eu/sklep/881a-black/,360,,
BOTKI,https://e-roberto.eu/wp-content/uploads/2021/10/anh_Viber_2021-10-05_22-43-00-563-600x600.jpg,,"68,27","55,50",VT008 BLACK,https://e-roberto.eu/sklep/vt008-black/,180,,
BOTKI,https://e-roberto.eu/wp-content/uploads/2021/10/buty-wolka-1-5.jpg,,"36,28","29,50",LA-200 BLACK,https://e-roberto.eu/sklep/la-200-black/,480,,
BOTKI,https://e-roberto.eu/wp-content/uploads/2021/10/245496905_559981241783176_8519474402599008234_n.jpg,,"44,9","36,50",3428 BLACK,https://e-roberto.eu/sklep/3428-black/,588,,
BOTKI,https://e-roberto.eu/wp-content/uploads/2021/10/anh_Viber_2021-10-05_22-33-59-089.jpg,,"68,27","55,50",881B BLACK,https://e-roberto.eu/sklep/881b-black/,336,,
BOTKI,https://e-roberto.eu/wp-content/uploads/2021/11/262095403_1946804865501851_8993671793967866784_n.jpg,,"76,26","62,00",9008 BLACK,https://e-roberto.eu/sklep/9008-black/,336,,
BOTKI,https://e-roberto.eu/wp-content/uploads/2021/10/botki-wciagane-czarne-eko-w-dzety-8019-600x600.jpg,,"43,67","35,50",88117 BLACK,https://e-roberto.eu/sklep/88117-black/,336,,
BOTKI,https://e-roberto.eu/wp-content/uploads/2021/10/0-02-05-8c0c16493920dc18df98edc30c95249430d813f0367b6e5e782dc51ccb1ee7ad_7385215c648b8794.jpg,,"44,9","36,50",2897 CAMEL,https://e-roberto.eu/sklep/2897-camel/,24,,
BOTKI,https://e-roberto.eu/wp-content/uploads/2021/11/pol_pl_WYSOKIE-BOTKI-TRAPERY-FASHION-74771_3.jpg,,"81,18","66,00",UK36 BLACK,https://e-roberto.eu/sklep/uk36-black/,36,,
BOTKI,https://e-roberto.eu/wp-content/uploads/2021/11/pol_pl_Botki-glany-TOVE-BLACK-30050_6.jpg,,"60,89","49,50",B-8282 BLACK,https://e-roberto.eu/sklep/b-8282-black/,336,,
BOTKI,https://e-roberto.eu/wp-content/uploads/2021/12/262305523_632036024505420_5553661652000203288_n.jpg,,"63,96","52,00",JW135 BLACK,https://e-roberto.eu/sklep/jw135-black/,300,,
BOTKI,https://e-roberto.eu/wp-content/uploads/2021/11/pol_pl_WYSOKIE-BOTKI-TRAPERY-FASHION-74769_3.jpg,,"81,18","66,00",UK36 BEIGE,https://e-roberto.eu/sklep/uk36-beige/,36,,
BOTKI,https://e-roberto.eu/wp-content/uploads/2021/10/pol_pl_Czarne-damskie-botki-workery-eko-skora-Kinia-Obuwie-477858_1-600x600.jpg,,"84,87","69,00",UK67 BLACK,https://e-roberto.eu/sklep/uk67-black/,96,,
SPORTOWE,https://e-roberto.eu/wp-content/uploads/2022/02/1e697258-4c20-44f3-8709-e1be44efb103.jpg,,"65,19","53,00",LA219 KHAKI,https://e-roberto.eu/sklep/la219-khaki/,360,,
SPORTOWE,https://e-roberto.eu/wp-content/uploads/2022/02/a22d34c8-4165-41a2-8262-c4ecdd357c40.jpg,,"65,19","53,00",LA219 WHITE,https://e-roberto.eu/sklep/la219-white/,360,,
BOTKI,https://e-roberto.eu/wp-content/uploads/2021/11/4316287_58_4-scaled.jpg,,"60,89","49,50",7715 BLACK,https://e-roberto.eu/sklep/7715-black/,1200,,
SPORTOWE,https://e-roberto.eu/wp-content/uploads/2022/02/2d032d07-f7fd-4ffe-a196-c61aa2a7009f.jpg,,"65,19","53,00",LA219 BEIGE,https://e-roberto.eu/sklep/la219-beige/,360,,
SPORTOWE,https://e-roberto.eu/wp-content/uploads/2022/03/WHITEBLACK1.jpg,,"54,12","44,00",UB18 WHITE/BLACK,https://e-roberto.eu/sklep/ub18-white/black/,600,,
SPORTOWE,https://e-roberto.eu/wp-content/uploads/2022/03/BEIGE1-8.jpg,,"54,12","44,00",UB18 BEIGE,https://e-roberto.eu/sklep/ub18-beige/,576,,
SPORTOWE,https://e-roberto.eu/wp-content/uploads/2022/02/87bc8efa-331e-4fea-bbaa-7731cede5b38.jpg,,"65,19","53,00",LA219 BLACK,https://e-roberto.eu/sklep/la219-black/,360,,
SPORTOWE,https://e-roberto.eu/wp-content/uploads/2022/03/BLACK-47.jpg,,"41,21","33,50",BL255 BLACK,https://e-roberto.eu/sklep/bl255-black/,600,,
SPORTOWE,https://e-roberto.eu/wp-content/uploads/2022/03/BLACKWHITE-1.jpg,,"54,12","44,00",UB18 BLACK/WHITE,https://e-roberto.eu/sklep/ub18-black/white/,588,,
SPORTOWE,https://e-roberto.eu/wp-content/uploads/2022/02/IMG_1052.jpg,,"28,91","23,50",CB857-11 FUSHIA,https://e-roberto.eu/sklep/cb857-11-fushia/,288,,
SPORTOWE,https://e-roberto.eu/wp-content/uploads/2022/04/BEIGE-41.jpg,,"57,2","46,50",BL286 BEIGE,https://e-roberto.eu/sklep/bl286-beige/,600,,
SPORTOWE,https://e-roberto.eu/wp-content/uploads/2022/03/538867.jpg,,"53,51","43,50",TRAMPKI ZMIENIAJĄ KOLOR W001 WHITE,https://e-roberto.eu/sklep/trampki-zmieniają-kolor-w001-white/,1176,,
SPORTOWE,https://e-roberto.eu/wp-content/uploads/2022/03/anh_Viber_2022-03-13_12-52-20-319.jpg,,"54,12","44,00",UB11 BLACK/WHITE,https://e-roberto.eu/sklep/ub11-black/white/,480,,
SPORTOWE,https://e-roberto.eu/wp-content/uploads/2022/03/anh_Viber_2022-03-13_12-52-21-434.jpg,,"54,12","44,00",UB11 WHITE/BLACK,https://e-roberto.eu/sklep/ub11-white/black/,240,,
SPORTOWE,https://e-roberto.eu/wp-content/uploads/2022/04/WHITE-30.jpg,,"57,2","46,50",BL286 WHITE,https://e-roberto.eu/sklep/bl286-white/,600,,
SPORTOWE,https://e-roberto.eu/wp-content/uploads/2022/04/KHAKI-27.jpg,,"57,2","46,50",BL286 KHAKI,https://e-roberto.eu/sklep/bl286-khaki/,600,,
BOTKI,https://e-roberto.eu/wp-content/uploads/2021/10/buty-wolka-4-19.jpg,,"84,26","68,50",NS222 GREY,https://e-roberto.eu/sklep/ns222-grey/,960,,
BOTKI,https://e-roberto.eu/wp-content/uploads/2021/10/e-asb17-tl10te-4.jpg,,"63,96","52,00",DA53 BLACK,https://e-roberto.eu/sklep/da53-black/,960,,
BOTKI,https://e-roberto.eu/wp-content/uploads/2021/10/buty-wolka-1-58.jpg,,"69,5","56,50",UK30 BLACK,https://e-roberto.eu/sklep/uk30-black/,960,,
BOTKI,https://e-roberto.eu/wp-content/uploads/2021/10/e-asb17-tl10te-1.jpg,,"63,96","52,00",DA53 BEIGE,https://e-roberto.eu/sklep/da53-beige/,960,,
SPORTOWE,https://e-roberto.eu/wp-content/uploads/2022/04/BLACK-45.jpg,,"57,2","46,50",BL286 BLACK,https://e-roberto.eu/sklep/bl286-black/,600,,
BOTKI,https://e-roberto.eu/wp-content/uploads/2021/10/buty-wolka-73.jpg,,"86,1","70,00",NS218 BLACK,https://e-roberto.eu/sklep/ns218-black/,960,,
BOTKI,https://e-roberto.eu/wp-content/uploads/2021/10/buty-wolka-4-16.jpg,,"69,5","56,50",NS195 BLACK,https://e-roberto.eu/sklep/ns195-black/,960,,
BOTKI,https://e-roberto.eu/wp-content/uploads/2021/10/buty-wolka-72.jpg,,"82,41","67,00",NS198 BLACK,https://e-roberto.eu/sklep/ns198-black/,960,,
BOTKI,https://e-roberto.eu/wp-content/uploads/2021/10/NC1251.jpg,,"79,33","64,50",NC1251 KHAKI,https://e-roberto.eu/sklep/nc1251-khaki/,960,,
,,,,,,,0,,
,,,,,,,0,,
,,,,,,,0,,
BOTKI,https://e-roberto.eu/wp-content/uploads/2021/10/BLACK-4.jpg,,"81,8","66,50",NC1190 BLACK,https://e-roberto.eu/sklep/nc1190-black/,960,,
BOTKI,https://e-roberto.eu/wp-content/uploads/2021/10/KHAKI-2.jpg,,"69,5","56,50",YK08 KHAKI,https://e-roberto.eu/sklep/yk08-khaki/,960,,
BOTKI,https://e-roberto.eu/wp-content/uploads/2021/10/buty-wolka-2-40.jpg,,"84,87","69,00",NS197 BLACK,https://e-roberto.eu/sklep/ns197-black/,960,,
BOTKI,https://e-roberto.eu/wp-content/uploads/2021/10/buty-wolka-3-18.jpg,,"73,8","60,00",NS196P BLACK,https://e-roberto.eu/sklep/ns196p-black/,960,,
BOTKI,https://e-roberto.eu/wp-content/uploads/2021/10/buty-wolka-8-9.jpg,,"86,1","70,00",NS199 BLACK,https://e-roberto.eu/sklep/ns199-black/,960,,
BOTKI,https://e-roberto.eu/wp-content/uploads/2021/10/RB98-CAMEL.jpg,,"74,41","60,50",RB98 CAMEL,https://e-roberto.eu/sklep/rb98-camel/,960,,
BOTKI,https://e-roberto.eu/wp-content/uploads/2021/10/NS180.jpg,,"75,03","61,00",NS180 BLACK,https://e-roberto.eu/sklep/ns180-black/,948,,
,,,,,,,0,,
,,,,,,,0,,
,,,,,,,0,,
BOTKI,https://e-roberto.eu/wp-content/uploads/2021/10/buty-wolka-10-2.jpg,,"48,59","39,50",A3703-63 KHAKI,https://e-roberto.eu/sklep/a3703-63-khaki/,960,,
BOTKI,https://e-roberto.eu/wp-content/uploads/2021/10/ST03-CAMEL.jpg,,"51,05","41,50",ST03 CAMEL,https://e-roberto.eu/sklep/st03-camel/,960,,
BOTKI,https://e-roberto.eu/wp-content/uploads/2021/10/ST03GREY.jpg,,"51,05","41,50",ST03 GREY,https://e-roberto.eu/sklep/st03-grey/,960,,
BOTKI,https://e-roberto.eu/wp-content/uploads/2021/10/A3705.jpg,,"48,59","39,50",A3705-32 CAMEL,https://e-roberto.eu/sklep/a3705-32-camel/,48,,
BOTKI,https://e-roberto.eu/wp-content/uploads/2021/10/buty-wolka-7-2.jpg,,"48,59","39,50",A3703-32 CAMEL,https://e-roberto.eu/sklep/a3703-32-camel/,960,,
BOTKI,https://e-roberto.eu/wp-content/uploads/2021/10/buty-wolka-3-2.jpg,,"78,72","64,00",F13-1 BLACK,https://e-roberto.eu/sklep/f13-1-black/,480,,
BOTKI,https://e-roberto.eu/wp-content/uploads/2021/10/RB82222.jpg,,"62,73","51,00",RB82 BLACK,https://e-roberto.eu/sklep/rb82-black/,960,,
BOTKI,https://e-roberto.eu/wp-content/uploads/2021/10/buty-wolka-5-1.jpg,,"78,72","64,00",F13-1 BEIGE,https://e-roberto.eu/sklep/f13-1-beige/,480,,
BOTKI,https://e-roberto.eu/wp-content/uploads/2021/10/buty-wolka-6.jpg,,"97,79","79,50",RB118 WHITE,https://e-roberto.eu/sklep/rb118-white/,480,,
BOTKI,https://e-roberto.eu/wp-content/uploads/2021/10/buty-wolka-5.jpg,,"60,89","49,50",NS202 KOLOR DO WYBORU,https://e-roberto.eu/sklep/ns202-kolor-do-wyboru/,480,,
BOTKI,https://e-roberto.eu/wp-content/uploads/2021/10/1-1.jpg,,"97,79","79,50",RB118 BLACK,https://e-roberto.eu/sklep/rb118-black/,480,,
BOTKI,https://e-roberto.eu/wp-content/uploads/2021/10/buty-wolka-2.jpg,,"60,89","49,50",NS203 KOLOR DO WYBORU,https://e-roberto.eu/sklep/ns203-kolor-do-wyboru/,480,,
BOTKI,https://e-roberto.eu/wp-content/uploads/2021/10/buty-wolka-8.jpg,,"57,2","46,50",ZP02 BLACK,https://e-roberto.eu/sklep/zp02-black/,480,,
BOTKI,https://e-roberto.eu/wp-content/uploads/2021/10/ST62.jpg,,"62,12","50,50",ST62 BEIGE,https://e-roberto.eu/sklep/st62-beige/,480,,
BOTKI,https://e-roberto.eu/wp-content/uploads/2021/10/2-3.jpg,,"48,59","39,50",168-255 BLACK,https://e-roberto.eu/sklep/168-255-black/,480,,
BOTKI,https://e-roberto.eu/wp-content/uploads/2021/10/buty-wolka-2-28.jpg,,"86,1","70,00",NC1226 BEIGE,https://e-roberto.eu/sklep/nc1226-beige/,144,,
BOTKI,https://e-roberto.eu/wp-content/uploads/2021/10/buty-wolka-5-11.jpg,,"69,5","56,50",NC1198 CAMEL,https://e-roberto.eu/sklep/nc1198-camel/,960,,
BOTKI,https://e-roberto.eu/wp-content/uploads/2021/10/buty-wolka-4-11.jpg,,"86,1","70,00",NC1226 BLACK,https://e-roberto.eu/sklep/nc1226-black/,960,,
BOTKI,https://e-roberto.eu/wp-content/uploads/2021/10/NC1226.jpg,,"86,1","70,00",NC1226 WHITE,https://e-roberto.eu/sklep/nc1226-white/,360,,
BOTKI,https://e-roberto.eu/wp-content/uploads/2021/10/buty-wolka-6-10.jpg,,"69,5","56,50",NC1198 GREY,https://e-roberto.eu/sklep/nc1198-grey/,960,,
BOTKI,https://e-roberto.eu/wp-content/uploads/2021/10/pol_pl_ROCKOWE-BOTKI-NA-OBCASIE-73552_3_1634132989.jpg,,"44,9","36,50",C760 BLACK,https://e-roberto.eu/sklep/c760-black/,480,,
BOTKI,https://e-roberto.eu/wp-content/uploads/2021/11/531620-large.jpg,,"73,19","59,50",NC1191 BLACK,https://e-roberto.eu/sklep/nc1191-black/,36,,
BOTKI,https://e-roberto.eu/wp-content/uploads/2021/10/Y057.jpg,,"33,83","27,50",Y-057 BLACK,https://e-roberto.eu/sklep/y-057-black/,468,,
BOTKI,https://e-roberto.eu/wp-content/uploads/2021/11/527006-large.jpg,,"92,25","75,00",JJ05 TYLKO BLACK,https://e-roberto.eu/sklep/jj05-tylko-black/,36,,
BOTKI,https://e-roberto.eu/wp-content/uploads/2021/11/530524-thickbox.jpg,,"69,5","56,50",NS210 GREY,https://e-roberto.eu/sklep/ns210-grey/,36,,
BOTKI,https://e-roberto.eu/wp-content/uploads/2021/11/526421-large.jpg,,"69,5","56,50",NS215 KOLOR DO WYBORU,https://e-roberto.eu/sklep/ns215-kolor-do-wyboru/,360,,
BOTKI,https://e-roberto.eu/wp-content/uploads/2021/11/526415-large.jpg,,"83,64","68,00",NC1157 KOLOR DO WYBORU,https://e-roberto.eu/sklep/nc1157-kolor-do-wyboru/,360,,
BOTKI,https://e-roberto.eu/wp-content/uploads/2021/11/530479-thickbox.jpg,,"84,26","68,50",NS223 BEIGE,https://e-roberto.eu/sklep/ns223-beige/,36,,
BOTKI,https://e-roberto.eu/wp-content/uploads/2021/10/ZE01.jpg,,"44,9","36,50",ZE01 CAMEL,https://e-roberto.eu/sklep/ze01-camel/,360,,
BOTKI,https://e-roberto.eu/wp-content/uploads/2021/11/botki-z-kieszonkami-biale-danny.jpg,,"72,57","59,00",ZP201-9 WHITE,https://e-roberto.eu/sklep/zp201-9-white/,480,,
BOTKI,https://e-roberto.eu/wp-content/uploads/2021/10/buty-wolka-17.jpg,,"48,59","39,50",SP106 BLACK,https://e-roberto.eu/sklep/sp106-black/,960,,
BOTKI,https://e-roberto.eu/wp-content/uploads/2021/10/M563.jpg,,"39,98","32,50",M563 BLACK,https://e-roberto.eu/sklep/m563-black/,936,,
BOTKI,https://e-roberto.eu/wp-content/uploads/2021/10/r1.jpg,,"39,98","32,50",M530 BLACK STONE,https://e-roberto.eu/sklep/m530-black-stone/,312,,
BOTKI,https://e-roberto.eu/wp-content/uploads/2021/11/botki-z-kieszonkami-bezowe-danny-2.jpg,,"72,57","59,00",ZP201-8 BEIGE,https://e-roberto.eu/sklep/zp201-8-beige/,468,,
BOTKI,https://e-roberto.eu/wp-content/uploads/2021/11/pol_pm_Botki-2-w-1-DOUBLE-CAMEL-29889_6.jpg,,"60,89","49,50",F5805 CAMEL,https://e-roberto.eu/sklep/f5805-camel/,480,,
BOTKI,https://e-roberto.eu/wp-content/uploads/2021/10/buty-wolka-16-1-1-600x600.jpg,,"36,28","29,50",X1658-18 BLACK,https://e-roberto.eu/sklep/x1658-18-black/,960,,
BOTKI,https://e-roberto.eu/wp-content/uploads/2021/11/pol_pl_Botki-2-w-1-DOUBLE-BLACK-29888_1.jpg,,"60,89","49,50",F5805 BLACK,https://e-roberto.eu/sklep/f5805-black/,480,,
,,,,,,,0,,
,,,,,,,0,,
SPORTOWE,https://e-roberto.eu/wp-content/uploads/2022/02/IMG_0905-1-600x600.jpg,,"36,28","29,50",BO-817 KHAKI,https://e-roberto.eu/sklep/bo-817-khaki/,1656,,
BOTKI,https://e-roberto.eu/wp-content/uploads/2021/10/buty-wolka-5-38.jpg,,"48,59","39,50",1987H12 BLACK,https://e-roberto.eu/sklep/1987h12-black/,348,,
BOTKI,https://e-roberto.eu/wp-content/uploads/2021/10/anh_Viber_2021-10-20_13-53-41-441.jpg,,"44,9","36,50",TX-3207 BLACK,https://e-roberto.eu/sklep/tx-3207-black/,888,,
BOTKI,https://e-roberto.eu/wp-content/uploads/2021/10/buty-wolka-3-3.jpg,,"48,59","39,50",SP107 BLACK,https://e-roberto.eu/sklep/sp107-black/,960,,
BOTKI,https://e-roberto.eu/wp-content/uploads/2021/10/pol_pl_STYLOWE-BOTKI-ZE-ZLOTA-OZDOBA-74089_4-1.jpg,,"73,19","59,50",100-191 BLACK,https://e-roberto.eu/sklep/100-191-black/,360,,
SPORTOWE,https://e-roberto.eu/wp-content/uploads/2022/02/DSC_0663-600x600.jpg,,"48,59","39,50",R132 BLACK,https://e-roberto.eu/sklep/r132-black/,360,,
SPORTOWE,https://e-roberto.eu/wp-content/uploads/2022/03/275692810_508269924081519_2416664932535327859_n.jpg,,"36,28","29,50",LT230 CAMEL,https://e-roberto.eu/sklep/lt230-camel/,372,,
SPORTOWE,https://e-roberto.eu/wp-content/uploads/2022/03/DSC_0004-1-600x600.jpg,,"57,2","46,50",JL-402 BLACK,https://e-roberto.eu/sklep/jl-402-black/,240,,
,,,,,,,0,,
,,,,,,,0,,
SPORTOWE,https://e-roberto.eu/wp-content/uploads/2022/01/biale-bezowe-adidasy-sportowe-sneakersy-600x600.jpg,,"48,59","39,50",TCYR-77 KHAKI,https://e-roberto.eu/sklep/tcyr-77-khaki/,396,,
BOTKI,https://e-roberto.eu/wp-content/uploads/2021/10/buty-wolka-2-39.jpg,,"69,5","56,50",NS213 KOLOR DO WYBORU,https://e-roberto.eu/sklep/ns213-kolor-do-wyboru/,960,,
SPORTOWE,https://e-roberto.eu/wp-content/uploads/2022/02/DSC_0663-600x600.jpg,,"48,59","39,50",8863 BLACK,https://e-roberto.eu/sklep/8863-black/,360,,
BOTKI,https://e-roberto.eu/wp-content/uploads/2021/10/BLACK-29.jpg,,"78,11","63,50",NC1170,https://e-roberto.eu/sklep/nc1170/,360,,
BOTKI,https://e-roberto.eu/wp-content/uploads/2021/10/buty-wolka-2-38.jpg,,"44,9","36,50",NS123 YELLOW,https://e-roberto.eu/sklep/ns123-yellow/,960,,
BOTKI,https://e-roberto.eu/wp-content/uploads/2021/10/buty-wolka-3-21-600x600.jpg,,"82,41","67,00",NS162 BLACK,https://e-roberto.eu/sklep/ns162-black/,960,,
SPORTOWE,https://e-roberto.eu/wp-content/uploads/2022/02/DSC_8046.jpg,,"48,59","39,50",TCYR-37 KHAKI,https://e-roberto.eu/sklep/tcyr-37-khaki/,828,,
BOTKI,https://e-roberto.eu/wp-content/uploads/2021/10/buty-wolka-70.jpg,,"44,9","36,50",NS123 RED,https://e-roberto.eu/sklep/ns123-red/,960,,
BOTKI,https://e-roberto.eu/wp-content/uploads/2021/10/BLACK1-5.jpg,,"80,57","65,50",UK53 BLACK,https://e-roberto.eu/sklep/uk53-black/,360,,
,,,,,,,0,,
BOTKI,https://e-roberto.eu/wp-content/uploads/2021/10/buty-wolka-4-18.jpg,,"88,56","72,00",UK38 BEIGE,https://e-roberto.eu/sklep/uk38-beige/,960,,
BOTKI,https://e-roberto.eu/wp-content/uploads/2021/10/RB17CAMEL.jpg,,"78,11","63,50",RB117 CAMEL,https://e-roberto.eu/sklep/rb117-camel/,960,,
BOTKI,https://e-roberto.eu/wp-content/uploads/2021/10/buty-wolka-71.jpg,,"88,56","72,00",UK38 BLACK,https://e-roberto.eu/sklep/uk38-black/,960,,
BOTKI,https://e-roberto.eu/wp-content/uploads/2021/10/BLACK1-6.jpg,,"73,19","59,50",NC1250 BLACK,https://e-roberto.eu/sklep/nc1250-black/,360,,
BOTKI,https://e-roberto.eu/wp-content/uploads/2021/10/BEIGE-10.jpg,,"80,57","65,50",UK53 BEIGE,https://e-roberto.eu/sklep/uk53-beige/,360,,
BOTKI,https://e-roberto.eu/wp-content/uploads/2021/10/BEIGE-9.jpg,,"75,03","61,00",UK51 BEIGE,https://e-roberto.eu/sklep/uk51-beige/,360,,
BOTKI,https://e-roberto.eu/wp-content/uploads/2021/10/BLACK-25.jpg,,"75,03","61,00",UK51 BLACK,https://e-roberto.eu/sklep/uk51-black/,360,,
BOTKI,https://e-roberto.eu/wp-content/uploads/2021/10/16-508-3-2.jpg,,"73,8","60,00",ST39 BEIGE,https://e-roberto.eu/sklep/st39-beige/,960,,
BOTKI,https://e-roberto.eu/wp-content/uploads/2021/10/RB117-BLK.jpg,,"78,11","63,50",RB117 BLACK,https://e-roberto.eu/sklep/rb117-black/,948,,
BOTKI,https://e-roberto.eu/wp-content/uploads/2021/10/9513.jpg,,"44,9","36,50",9513 BLACK,https://e-roberto.eu/sklep/9513-black/,960,,
BOTKI,https://e-roberto.eu/wp-content/uploads/2021/10/buty-wolka-64.jpg,,"55,97","45,50",ST37 BLACK,https://e-roberto.eu/sklep/st37-black/,960,,
BOTKI,https://e-roberto.eu/wp-content/uploads/2021/10/16-508-16-600x601.jpg,,"63,96","52,00",NC1126 BLACK,https://e-roberto.eu/sklep/nc1126-black/,960,,
BOTKI,https://e-roberto.eu/wp-content/uploads/2021/11/507431-large.jpg,,"84,87","69,00",A5616 BLACK,https://e-roberto.eu/sklep/a5616-black/,360,,
BOTKI,https://e-roberto.eu/wp-content/uploads/2021/10/WeChat-Image_20211029150830.jpg,,"63,96","52,00",K6609-1 BLACK,https://e-roberto.eu/sklep/k6609-1-black/,360,,
BOTKI,https://e-roberto.eu/wp-content/uploads/2021/10/NS160.jpg,,"62,73","51,00",NS160 BLACK,https://e-roberto.eu/sklep/ns160-black/,960,,
BOTKI,https://e-roberto.eu/wp-content/uploads/2021/10/buty-wolka-2-104.jpg,,"68,88","56,00",RB43 BLACK,https://e-roberto.eu/sklep/rb43-black/,360,,
BOTKI,https://e-roberto.eu/wp-content/uploads/2021/10/16-508-5-2.jpg,,"73,8","60,00",ST39 CAMEL,https://e-roberto.eu/sklep/st39-camel/,960,,
BOTKI,https://e-roberto.eu/wp-content/uploads/2021/10/16-508-1-11.jpg,,"73,8","60,00",ST39 BLACK,https://e-roberto.eu/sklep/st39-black/,960,,
BOTKI,https://e-roberto.eu/wp-content/uploads/2021/10/RB74.jpg,,"45,51","37,00",RB74 BLACK,https://e-roberto.eu/sklep/rb74-black/,960,,
BOTKI,https://e-roberto.eu/wp-content/uploads/2021/10/buty-wolka-6-30.jpg,,"68,88","56,00",RB43 CAMEL,https://e-roberto.eu/sklep/rb43-camel/,348,,
SPORTOWE,https://e-roberto.eu/wp-content/uploads/2022/01/272113009_656546565489320_3974803809257942867_n.jpg,,"48,59","39,50",TCYR-63 GOLD,https://e-roberto.eu/sklep/tcyr-63-gold/,264,,
BOTKI,https://e-roberto.eu/wp-content/uploads/2021/10/wybor-1.jpg,,"86,72","70,50",YK013 KOLOR DO WYBORU,https://e-roberto.eu/sklep/yk013-kolor-do-wyboru/,360,,
SPORTOWE,https://e-roberto.eu/wp-content/uploads/2022/01/8-1.jpg,,"43,05","35,00",3501 PINK,https://e-roberto.eu/sklep/3501-pink/,960,,
BOTKI,https://e-roberto.eu/wp-content/uploads/2021/10/2026650017012-scaled.jpg,,"93,48","76,00",QT30 KHAKI,https://e-roberto.eu/sklep/qt30-khaki/,360,,
SPORTOWE,https://e-roberto.eu/wp-content/uploads/2022/01/IMG_0918.jpg,,"43,05","35,00",3501 ALL.BLACK,https://e-roberto.eu/sklep/3501-all.black/,960,,
BOTKI,https://e-roberto.eu/wp-content/uploads/2021/10/Bezowe-botki-wysokie-kieszen-trapery-QT-30-r-39-Marka-Seastar-600x600.jpg,,"93,48","76,00",QT30 BEIGE,https://e-roberto.eu/sklep/qt30-beige/,348,,
SPORTOWE,https://e-roberto.eu/wp-content/uploads/2022/01/IMG_0817.jpg,,"28,91","23,50",CB857-11 FUSHIA,https://e-roberto.eu/sklep/cb857-11-fushia/,720,,
SPORTOWE,https://e-roberto.eu/wp-content/uploads/2022/01/anh_Viber_2022-01-12_16-02-32-605.jpg,,"57,2","46,50",LA191 KHAKI,https://e-roberto.eu/sklep/la191-khaki/,396,,
SPORTOWE,https://e-roberto.eu/wp-content/uploads/2022/01/5-1.jpg,,"43,05","35,00",3501 WHITE,https://e-roberto.eu/sklep/3501-white/,960,,
,,,,,,,0,,
,,,,,,,0,,
,,,,,,,0,,
SPORTOWE,https://e-roberto.eu/wp-content/uploads/2022/01/6-1.jpg,,"43,05","35,00",3501 GREY,https://e-roberto.eu/sklep/3501-grey/,960,,
SPORTOWE,https://e-roberto.eu/wp-content/uploads/2022/01/2-3.jpg,,"43,05","35,00",3501 BLACK,https://e-roberto.eu/sklep/3501-black/,924,,
BOTKI,https://e-roberto.eu/wp-content/uploads/2021/10/black-24.jpg,,"99,63","81,00",RB115 BLACK,https://e-roberto.eu/sklep/rb115-black/,360,,
BOTKI,https://e-roberto.eu/wp-content/uploads/2021/10/BLACK-22.jpg,,"84,87","69,00",QT32 BLACK,https://e-roberto.eu/sklep/qt32-black/,348,,
BOTKI,https://e-roberto.eu/wp-content/uploads/2021/10/BEIGE-7.jpg,,"94,71","77,00",RB109 BEIGE,https://e-roberto.eu/sklep/rb109-beige/,360,,
BOTKI,https://e-roberto.eu/wp-content/uploads/2021/10/buty-wolka-63.jpg,,"75,65","61,50",JX82 BEIGE,https://e-roberto.eu/sklep/jx82-beige/,960,,
BOTKI,https://e-roberto.eu/wp-content/uploads/2021/10/buty-wolka-2-35.jpg,,"44,9","36,50",688-220 BLACK,https://e-roberto.eu/sklep/688-220-black/,360,,
BOTKI,https://e-roberto.eu/wp-content/uploads/2021/10/CAMEL-5.jpg,,"94,71","77,00",RB109 CAMEL,https://e-roberto.eu/sklep/rb109-camel/,360,,
BOTKI,https://e-roberto.eu/wp-content/uploads/2021/10/UK50.jpg,,"88,56","72,00",UK50 KOLOR DO WYBORU,https://e-roberto.eu/sklep/uk50-kolor-do-wyboru/,360,,
,,,,,,,0,,
BOTKI,https://e-roberto.eu/wp-content/uploads/2021/10/BLACK-23.jpg,,"94,71","77,00",RB109 BLACK,https://e-roberto.eu/sklep/rb109-black/,360,,
BOTKI,https://e-roberto.eu/wp-content/uploads/2021/10/buty-wolka-1-50.jpg,,"79,95","65,00",NS156 BLACK,https://e-roberto.eu/sklep/ns156-black/,360,,
BOTKI,https://e-roberto.eu/wp-content/uploads/2021/10/buty-wolka-61.jpg,,"91,02","74,00",DG71 GREEN,https://e-roberto.eu/sklep/dg71-green/,960,,
BOTKI,https://e-roberto.eu/wp-content/uploads/2021/10/buty-wolka-1-47.jpg,,"91,02","74,00",DG71 BLACK,https://e-roberto.eu/sklep/dg71-black/,960,,
BOTKI,https://e-roberto.eu/wp-content/uploads/2021/10/buty-wolka-3-16.jpg,,"75,65","61,50",JX82 CAMEL,https://e-roberto.eu/sklep/jx82-camel/,960,,
BOTKI,https://e-roberto.eu/wp-content/uploads/2021/10/buty-wolka-2-32.jpg,,"91,02","74,00",DG71 BEIGE,https://e-roberto.eu/sklep/dg71-beige/,960,,
BOTKI,https://e-roberto.eu/wp-content/uploads/2021/10/buty-wolka-62.jpg,,"75,65","61,50",JX82 GREY,https://e-roberto.eu/sklep/jx82-grey/,960,,
BOTKI,https://e-roberto.eu/wp-content/uploads/2021/10/buty-wolka-10-5.jpg,,"91,02","74,00",DG71 WHITE,https://e-roberto.eu/sklep/dg71-white/,960,,
BOTKI,https://e-roberto.eu/wp-content/uploads/2021/10/NC1092.jpg,,"81,8","66,50",NC1092 BLACK,https://e-roberto.eu/sklep/nc1092-black/,960,,
BOTKI,https://e-roberto.eu/wp-content/uploads/2021/10/buty-wolka-2-74.jpg,,"30,75","25,00",KL-201 BLACK,https://e-roberto.eu/sklep/kl-201-black/,108,,
BOTKI,https://e-roberto.eu/wp-content/uploads/2021/11/BLACK-74.jpg,,"49,82","40,50",RB73 BLACK,https://e-roberto.eu/sklep/rb73-black/,948,,
BOTKI,https://e-roberto.eu/wp-content/uploads/2021/11/531378-large.jpg,,"97,17","79,00",RB112 BLACK,https://e-roberto.eu/sklep/rb112-black/,960,,
BOTKI,https://e-roberto.eu/wp-content/uploads/2021/10/RB78.jpg,,"53,51","43,50",RB78 CAMEL,https://e-roberto.eu/sklep/rb78-camel/,960,,
BOTKI,https://e-roberto.eu/wp-content/uploads/2021/10/UK09.jpg,,"55,35","45,00",UK09 CAMEL,https://e-roberto.eu/sklep/uk09-camel/,960,,
BOTKI,https://e-roberto.eu/wp-content/uploads/2021/10/TE30.jpg,,"93,48","76,00",QT30 BLACK,https://e-roberto.eu/sklep/qt30-black/,360,,
BOTKI,https://e-roberto.eu/wp-content/uploads/2021/11/CAMEL-34.jpg,,"49,82","40,50",RB77 CAMEL,https://e-roberto.eu/sklep/rb77-camel/,948,,
BOTKI,https://e-roberto.eu/wp-content/uploads/2021/11/CAMEL-33.jpg,,"43,67","35,50",RB68 CAMEL,https://e-roberto.eu/sklep/rb68-camel/,948,,
BOTKI,https://e-roberto.eu/wp-content/uploads/2021/11/BROWN-1.jpg,,"47,97","39,00",RB52 BROWN,https://e-roberto.eu/sklep/rb52-brown/,948,,
SPORTOWE,https://e-roberto.eu/wp-content/uploads/2022/01/anh_Viber_2022-01-12_16-02-33-563.jpg,,"57,2","46,50",LA191 BEIGE,https://e-roberto.eu/sklep/la191-beige/,396,,
SPORTOWE,https://e-roberto.eu/wp-content/uploads/2022/01/pol_pm_Sneakersy-skarpetkowe-KATRIN-KHAKI-30275_5.jpg,,"40,59","33,00",BO-905 KHAKI,https://e-roberto.eu/sklep/bo-905-khaki/,504,,
SPORTOWE,https://e-roberto.eu/wp-content/uploads/2022/01/anh_Viber_2022-01-12_16-02-33-775.jpg,,"57,2","46,50",LA191 BLACK,https://e-roberto.eu/sklep/la191-black/,396,,
BOTKI,https://e-roberto.eu/wp-content/uploads/2021/11/BLACK-72.jpg,,"47,97","39,00",RB52 BLACK,https://e-roberto.eu/sklep/rb52-black/,948,,
BOTKI,https://e-roberto.eu/wp-content/uploads/2021/11/BL1-5.jpg,,"43,67","35,50",RB68 BLACK,https://e-roberto.eu/sklep/rb68-black/,948,,
BOTKI,https://e-roberto.eu/wp-content/uploads/2021/11/CAMEL-32.jpg,,"47,97","39,00",RB52 CAMEL,https://e-roberto.eu/sklep/rb52-camel/,948,,
SPORTOWE,https://e-roberto.eu/wp-content/uploads/2022/01/anh_Viber_2022-01-12_16-02-33-102.jpg,,"57,2","46,50",LA191 WHITE,https://e-roberto.eu/sklep/la191-white/,396,,
SPORTOWE,https://e-roberto.eu/wp-content/uploads/2022/01/anh_Viber_2022-01-04_13-38-27-976.jpg,,"51,05","41,50",RE18 KHAKI,https://e-roberto.eu/sklep/re18-khaki/,396,,
SPORTOWE,https://e-roberto.eu/wp-content/uploads/2021/12/NB529.jpg,,"47,97","39,00",NB529 KOLOR DO WYBORU,https://e-roberto.eu/sklep/nb529-kolor-do-wyboru/,96,,
BOTKI,https://e-roberto.eu/wp-content/uploads/2021/10/x-9701-7.jpg,,"83,64","68,00",NC1152 BLACK,https://e-roberto.eu/sklep/nc1152-black/,960,,
SPORTOWE,https://e-roberto.eu/wp-content/uploads/2022/01/pol_pl_Sneakersy-skarpetkowe-KATRIN-BLACK-30276_2.jpg,,"40,59","33,00",BO-905 BLACK,https://e-roberto.eu/sklep/bo-905-black/,504,,
SPORTOWE,https://e-roberto.eu/wp-content/uploads/2022/01/anh_Viber_2022-01-04_13-38-47-053.jpg,,"51,05","41,50",RE18 WHITE,https://e-roberto.eu/sklep/re18-white/,384,,
SPORTOWE,https://e-roberto.eu/wp-content/uploads/2022/01/anh_Viber_2022-01-04_11-23-23-246.jpg,,"56,58","46,00",ZP03 KOLOR DO WYBORU,https://e-roberto.eu/sklep/zp03-kolor-do-wyboru/,396,,
SPORTOWE,https://e-roberto.eu/wp-content/uploads/2022/01/beige.jpg,,"51,05","41,50",RE18 BEIGE,https://e-roberto.eu/sklep/re18-beige/,384,,
BOTKI,https://e-roberto.eu/wp-content/uploads/2021/10/NS168.jpg,,"92,25","75,00",NS168 BLACK,https://e-roberto.eu/sklep/ns168-black/,960,,
BOTKI,https://e-roberto.eu/wp-content/uploads/2021/10/NSS.jpg,,"93,48","76,00",NS169 BLACK,https://e-roberto.eu/sklep/ns169-black/,960,,
BOTKI,https://e-roberto.eu/wp-content/uploads/2021/10/DA31KHAKI.jpg,,"45,51","37,00",DA31 KHAKI,https://e-roberto.eu/sklep/da31-khaki/,960,,
BOTKI,https://e-roberto.eu/wp-content/uploads/2021/10/KHAKI.jpg,,"77,49","63,00",A8702 KHAKI,https://e-roberto.eu/sklep/a8702-khaki/,960,,
BOTKI,https://e-roberto.eu/wp-content/uploads/2021/10/NS166.jpg,,"86,1","70,00",NS166 BLACK,https://e-roberto.eu/sklep/ns166-black/,960,,
BOTKI,https://e-roberto.eu/wp-content/uploads/2021/10/KHAKI-1.jpg,,"63,96","52,00",A3705 KHAKI,https://e-roberto.eu/sklep/a3705-khaki/,960,,
BOTKI,https://e-roberto.eu/wp-content/uploads/2021/10/BLACK-3.jpg,,"63,96","52,00",A3705 BLACK,https://e-roberto.eu/sklep/a3705-black/,960,,
,,,,,,,0,,
,,,,,,,0,,
BOTKI,https://e-roberto.eu/wp-content/uploads/2021/10/GREY.jpg,,"69,5","56,50",UK18 GREY,https://e-roberto.eu/sklep/uk18-grey/,960,,
BOTKI,https://e-roberto.eu/wp-content/uploads/2021/11/BLACK-71.jpg,,"60,89","49,50",NS202 BLACK,https://e-roberto.eu/sklep/ns202-black/,948,,
BOTKI,https://e-roberto.eu/wp-content/uploads/2021/10/SNACKBLACK.jpg,,"50,43","41,00",NS123 SNACK/BLACK,https://e-roberto.eu/sklep/ns123-snack/black/,960,,
BOTKI,https://e-roberto.eu/wp-content/uploads/2021/11/532284-large.jpg,,"68,27","55,50",NS181 CAMEL,https://e-roberto.eu/sklep/ns181-camel/,360,,
BOTKI,https://e-roberto.eu/wp-content/uploads/2021/11/GREY-45.jpg,,"60,89","49,50",NS202 GREY,https://e-roberto.eu/sklep/ns202-grey/,948,,
BOTKI,https://e-roberto.eu/wp-content/uploads/2021/11/BEIGE-64.jpg,,"60,89","49,50",NS202 BEIGE,https://e-roberto.eu/sklep/ns202-beige/,948,,
BOTKI,https://e-roberto.eu/wp-content/uploads/2021/11/460005-large.jpg,,"60,89","49,50",NC892 BLACK,https://e-roberto.eu/sklep/nc892-black/,360,,
BOTKI,https://e-roberto.eu/wp-content/uploads/2021/10/CAMEL-2.jpg,,"69,5","56,50",UK18 CAMEL,https://e-roberto.eu/sklep/uk18-camel/,960,,
BOTKI,https://e-roberto.eu/wp-content/uploads/2021/10/ns123.jpg,,"50,43","41,00",NS123 SNACK/KHAKI,https://e-roberto.eu/sklep/ns123-snack/khaki/,960,,
BOTKI,https://e-roberto.eu/wp-content/uploads/2021/11/RED-65.jpg,,"60,89","49,50",NS202 RED,https://e-roberto.eu/sklep/ns202-red/,948,,
BOTKI,https://e-roberto.eu/wp-content/uploads/2021/11/500706-large.jpg,,"63,96","52,00",A3732-32 CAMEL,https://e-roberto.eu/sklep/a3732-32-camel/,360,,
BOTKI,https://e-roberto.eu/wp-content/uploads/2021/10/mi-3-10.jpg,,"62,73","51,00",NC1088 BLACK,https://e-roberto.eu/sklep/nc1088-black/,960,,
BOTKI,https://e-roberto.eu/wp-content/uploads/2021/11/500705-large.jpg,,"63,96","52,00",A3732-63 KHAKI,https://e-roberto.eu/sklep/a3732-63-khaki/,360,,
BOTKI,https://e-roberto.eu/wp-content/uploads/2021/10/buty-wolka-3-15.jpg,,"99,63","81,00",RB122 BLACK,https://e-roberto.eu/sklep/rb122-black/,960,,
BOTKI,https://e-roberto.eu/wp-content/uploads/2021/10/QT05BEI.jpg,,"78,11","63,50",QT05 BEIGE,https://e-roberto.eu/sklep/qt05-beige/,960,,
BOTKI,https://e-roberto.eu/wp-content/uploads/2021/10/NC1151.jpg,,"72,57","59,00",NC1151 BLACK,https://e-roberto.eu/sklep/nc1151-black/,960,,
BOTKI,https://e-roberto.eu/wp-content/uploads/2021/10/buty-wolka-60.jpg,,"99,63","81,00",RB122 GREEN,https://e-roberto.eu/sklep/rb122-green/,960,,
BOTKI,https://e-roberto.eu/wp-content/uploads/2021/10/buty-wolka-2-31.jpg,,"99,63","81,00",RB122 BEIGE,https://e-roberto.eu/sklep/rb122-beige/,960,,
BOTKI,https://e-roberto.eu/wp-content/uploads/2021/10/QT05GREEN.jpg,,"78,11","63,50",QT05 GREEN,https://e-roberto.eu/sklep/qt05-green/,960,,
BOTKI,https://e-roberto.eu/wp-content/uploads/2021/10/buty-wolka-2-30.jpg,,"92,25","75,00",UK66 BLACK,https://e-roberto.eu/sklep/uk66-black/,960,,
BOTKI,https://e-roberto.eu/wp-content/uploads/2021/10/QT05BLK.jpg,,"78,11","63,50",QT05 BLACK,https://e-roberto.eu/sklep/qt05-black/,960,,
BOTKI,https://e-roberto.eu/wp-content/uploads/2021/10/buty-wolka-4-12.jpg,,"84,26","68,50",NC1210 BLACK,https://e-roberto.eu/sklep/nc1210-black/,960,,
BOTKI,https://e-roberto.eu/wp-content/uploads/2021/10/buty-wolka-5-10.jpg,,"73,19","59,50",NC1209 BLACK,https://e-roberto.eu/sklep/nc1209-black/,960,,
BOTKI,https://e-roberto.eu/wp-content/uploads/2021/10/buty-wolka-1-45.jpg,,"99,63","81,00",RB122 RED,https://e-roberto.eu/sklep/rb122-red/,960,,
BOTKI,https://e-roberto.eu/wp-content/uploads/2021/10/NS216BLACK.jpg,,"69,5","56,50",NS216 BLACK,https://e-roberto.eu/sklep/ns216-black/,960,,
BOTKI,https://e-roberto.eu/wp-content/uploads/2021/10/RB113.jpg,,"96,56","78,50",RB113 KOLOR DO WYBORU,https://e-roberto.eu/sklep/rb113-kolor-do-wyboru/,960,,
BOTKI,https://e-roberto.eu/wp-content/uploads/2021/10/NC1189.jpg,,"91,02","74,00",NC1189 BLACK,https://e-roberto.eu/sklep/nc1189-black/,960,,
BOTKI,https://e-roberto.eu/wp-content/uploads/2021/10/NC1179.jpg,,"86,1","70,00",NC1179 BLACK,https://e-roberto.eu/sklep/nc1179-black/,960,,
BOTKI,https://e-roberto.eu/wp-content/uploads/2021/10/NC1175BLACK.jpg,,"78,11","63,50",NC1175 BLACK,https://e-roberto.eu/sklep/nc1175-black/,960,,
BOTKI,https://e-roberto.eu/wp-content/uploads/2021/10/NS216LGREY-1.jpg,,"69,5","56,50",NS216 L.GREY,https://e-roberto.eu/sklep/ns216-l.grey/,960,,
BOTKI,https://e-roberto.eu/wp-content/uploads/2021/10/RB114.jpg,,"94,1","76,50",RB114 KOLOR DO WYBORU,https://e-roberto.eu/sklep/rb114-kolor-do-wyboru/,960,,